document_id,original_topic,macro_topic_id,subtopic_id,parent_topic_id,hierarchy_level,is_outlier,merge_proposal,human_decision
doi:10.11144/javeriana.10554.34540,0,0,,0,1,False,,pending
doi:10.14409/cya.2023.37.e0023,0,0,0.0,0,2,False,,pending
doi:10.14409/ie.2023.19.e0054,0,0,0.1,0,2,False,,pending
doi:10.14409/ie.2025.23.e0102,0,0,,0,1,False,,pending
doi:10.14507/epaa.28.4147,0,0,0.0,0,2,False,,pending
doi:10.14679/5036,0,0,0.1,0,2,False,,pending
doi:10.15366/reice2021.19.1.005,0,0,0.1,0,2,False,,pending
doi:10.15366/reps2021.6.1.002,-1,,,,0,True,,pending
doi:10.15366/reps2022.7.2.009,0,0,0.0,0,2,False,,pending
doi:10.15366/tp2021.37.002,0,0,,0,1,False,,pending
doi:10.15443/tde20242587,0,0,,0,1,False,,pending
doi:10.15448/1984-7289.2022.1.41864,0,0,0.0,0,2,False,,pending
doi:10.1590/s0104-40362021002902804,0,0,0.0,0,2,False,,pending
doi:10.17163/alt.v18n2.2023.06,0,0,0.1,0,2,False,,pending
doi:10.17227/nyn.vol6.num48-13668,0,0,0.0,0,2,False,,pending
doi:10.17632/vtc55dyc4n,-1,,,,0,True,,pending
doi:10.19137/els-2026-262609,0,0,0.0,0,2,False,,pending
doi:10.19137/praxiseducativa-2025-290221,0,0,,0,1,False,,pending
doi:10.21315/apjee2023.38.2.6,0,0,0.1,0,2,False,,pending
doi:10.21573/vol42n12026.139503,0,0,0.1,0,2,False,,pending
doi:10.22201/iisue.24486167e.2025.47.61920,0,0,0.1,0,2,False,,pending
doi:10.22235/pe.v16i2.3068,1,1,,1,1,False,,pending
doi:10.22529/dp.2021.19(38)11,0,0,0.0,0,2,False,,pending
doi:10.22529/dp.2025.23(46)10,0,0,,0,1,False,,pending
doi:10.24215/23468866e110,0,0,,0,1,False,,pending
doi:10.24310/ijne.13.2024.19660,0,0,0.1,0,2,False,,pending
doi:10.30827/profesorado.v27i2.21267,1,1,,1,1,False,,pending
doi:10.30972/riie.16228016,1,1,,1,1,False,,pending
doi:10.30972/riie.16228044,0,0,0.0,0,2,False,,pending
doi:10.30972/riie.16228046,0,0,0.1,0,2,False,,pending
doi:10.30972/riie.16248914,0,0,,0,1,False,,pending
doi:10.32541/recie.2020.v4i1.pp20-33,0,0,0.0,0,2,False,,pending
doi:10.32541/recie.2022.v6i2.pp131-143,1,1,,1,1,False,,pending
doi:10.33255/2591/1718,0,0,,0,1,False,,pending
doi:10.33255/2591/2482,0,0,0.1,0,2,False,,pending
doi:10.33255/26184141/1568e0018,0,0,0.1,0,2,False,,pending
doi:10.33255/26184141/2437e0066,0,0,0.0,0,2,False,,pending
doi:10.33881/2027-1786.rip.13105,1,1,,1,1,False,,pending
doi:10.34096/iice.n47.9641,0,0,0.1,0,2,False,,pending
doi:10.35305/revista.vi43.206,0,0,0.1,0,2,False,,pending
doi:10.35362/rie8814743,0,0,,0,1,False,,pending
doi:10.35537/10915/111583,0,0,,0,1,False,,pending
doi:10.35537/10915/187532,0,0,0.0,0,2,False,,pending
doi:10.36006/09807-1,0,0,0.1,0,2,False,,pending
doi:10.37177/unicen/eb33-377,0,0,,0,1,False,,pending
doi:10.37811/cl_rcm.v7i2.6016,0,0,,0,1,False,,pending
doi:10.37811/cl_rcm.v8i3.11771,0,0,0.1,0,2,False,,pending
doi:10.37811/cl_rcm.v8i3.11992,0,0,0.1,0,2,False,,pending
doi:10.47069/estudios-ambientales.v9i2.1291,-1,,,,0,True,,pending
doi:10.48102/riber.v1i1.13,0,0,,0,1,False,,pending
doi:10.48162/rev.36.004,-1,,,,0,True,,pending
doi:10.5212/olharprofr.v.29.25332.010,-1,,,,0,True,,pending
doi:10.52501/cc.310.11,0,0,0.0,0,2,False,,pending
doi:10.5281/zenodo.17667157,1,1,,1,1,False,,pending
doi:10.5281/zenodo.20354549,0,0,0.0,0,2,False,,pending
doi:10.55778/ts310044750,1,1,,1,1,False,,pending
doi:10.55778/ts877234893,1,1,,1,1,False,,pending
doi:10.58313/masquedos.2023.v8.n10.237,-1,,,,0,True,,pending
doi:10.59282/reincisol.v4(7)2535-2549,0,0,0.1,0,2,False,,pending
doi:10.59427/rcli/2023/v23cs.3717-3724,0,0,0.1,0,2,False,,pending
doi:10.61203/2347-0658.v10.n2.34114,-1,,,,0,True,,pending
doi:10.61616/rvdc.v7i2.1622,1,1,,1,1,False,,pending
doi:10.62319/simonrodriguez.v.5i10.74,0,0,0.1,0,2,False,,pending
doi:10.70747/cr.v5i3.1353,0,0,0.0,0,2,False,,pending
record:f3a18c3c527d013ac23d2cb5,0,0,,0,1,False,,pending
doi:10.19137/praxiseducativa-2020-240308,1,1,,1,1,False,,pending
record:25166a84ae7190e80aa881cd,0,0,,0,1,False,,pending
record:20e228c85da8f29db422febc,0,0,,0,1,False,,pending
record:e58e3e1beb684efd71c3247f,0,0,,0,1,False,,pending
doi:10.19137/pys-2024-310102,1,1,,1,1,False,,pending
doi:10.35305/aeh.vi41.438,0,0,,0,1,False,,pending
record:9597b26dd6f6ccce321da52b,0,0,,0,1,False,,pending
record:8f74921734f9325132486c26,0,0,,0,1,False,,pending
record:268117dc622d938f31d2da41,1,1,,1,1,False,,pending
record:ef49402cf6d7b248aaaa1792,0,0,,0,1,False,,pending
doi:10.28928/ri/962024/atc1/bechep,0,0,,0,1,False,,pending
doi:10.5212/praxeduc.v.19.22796.072,1,1,,1,1,False,,pending
record:aff2acccade6cd47bebd6444,0,0,,0,1,False,,pending
record:5923c3c241e6ce53cc870a2b,0,0,0.0,0,2,False,,pending
record:80af7d73f0bf81d5a573a7bc,0,0,0.0,0,2,False,,pending
doi:10.22235/cp.v18i1.3316,-1,,,,0,True,,pending
doi:10.24065/2237-9460.2020v10n1id1317,0,0,0.0,0,2,False,,pending
record:7191fa71e57157815bde0f88,0,0,,0,1,False,,pending
record:10d975f644818d6426732c59,0,0,,0,1,False,,pending
doi:10.16888/interd.2022.39.1.14,0,0,,0,1,False,,pending
record:0416d5c4e72853f88e5b4852,-1,,,,0,True,,pending
doi:10.29351/rmhe.v11i22.496,0,0,,0,1,False,,pending
doi:10.24215/978-950-34-2353-0,0,0,,0,1,False,,pending
doi:10.46616/rce.v9i14.106,1,1,,1,1,False,,pending
record:d81f6f9f8507cf160a05e48a,0,0,0.1,0,2,False,,pending
doi:10.52695/978-65-5456-163-1.5,0,0,0.0,0,2,False,,pending
record:59c4c31b09ae932e629afa13,0,0,,0,1,False,,pending
record:15a511be0b5ab35a9f82bd98,1,1,,1,1,False,,pending
record:eaf2af2a857bb6586783e09f,0,0,0.0,0,2,False,,pending
doi:10.64713/etc.n14.2024.45711,0,0,,0,1,False,,pending
doi:10.37177/unicen/eb33-361,0,0,,0,1,False,,pending
record:f00c615b2b2b1b9724dbb0dc,0,0,,0,1,False,,pending
record:aba731bb6ca192495aba4161,1,1,,1,1,False,,pending
doi:10.14516/ete.389,0,0,,0,1,False,,pending
doi:10.19137/praxiseducativa-2026-300107,1,1,,1,1,False,,pending
doi:10.4067/s0718-07052019000300031,-1,,,,0,True,,pending
record:8baa513c56c7ac3f24e24690,0,0,,0,1,False,,pending
doi:10.33255/25914669/61021,0,0,0.0,0,2,False,,pending
record:64cf4fe3bae22ec0ce3017a3,1,1,,1,1,False,,pending
doi:10.34096/iice.n57.16472,0,0,,0,1,False,,pending
record:fd9b8f11a8323cf85b664d51,1,1,,1,1,False,,pending
record:11093b28b280fce5a5729db7,1,1,,1,1,False,,pending
doi:10.24320/redie.2020.22.e24.3072,1,1,,1,1,False,,pending
record:49ec0906e97d57c9c51ef5de,0,0,,0,1,False,,pending
record:97e115f27439b2dfe83ef207,1,1,,1,1,False,,pending
record:ef4e34a18d53619c557d06fc,0,0,,0,1,False,,pending
doi:10.30972/riie.16238347,0,0,,0,1,False,,pending
record:a766d38f935f179b85c4bc08,-1,,,,0,True,,pending
doi:10.17141/iconos.82.2025.6197,0,0,,0,1,False,,pending
doi:10.17227/rce.num92-17112,0,0,,0,1,False,,pending
record:4408f7100c2c576f256e4024,-1,,,,0,True,,pending
doi:10.1017/s0021932024000142,-1,,,,0,True,,pending
doi:10.34096/iice.n55.11558,0,0,,0,1,False,,pending
doi:10.29112/ruae.v6.n1.5,-1,,,,0,True,,pending
doi:10.35305/ac.v18i24.1386,0,0,,0,1,False,,pending
record:4f5c34f614ed4007237d7729,-1,,,,0,True,,pending
doi:10.19052/ap.vol1.iss84.5198,0,0,,0,1,False,,pending
doi:10.33255/18511562/1797,1,1,,1,1,False,,pending
record:d11ed028ff2989cd86bf7324,0,0,,0,1,False,,pending
doi:10.20873/uft.rbec.e11682,0,0,,0,1,False,,pending
record:a5f912eee46773f6f3026a22,0,0,,0,1,False,,pending
record:85cdd6c28422c8f681b84e38,0,0,,0,1,False,,pending
doi:10.48162/rev.36.124,0,0,0.1,0,2,False,,pending
record:ce781a68b37c1b1015947b1c,1,1,,1,1,False,,pending
record:a40eabf2ccc4e19aeeb35e9f,0,0,,0,1,False,,pending
doi:10.29333/iji.2023.16145a,0,0,0.1,0,2,False,,pending
doi:10.46553/rges.59.2023.p.25-53,0,0,,0,1,False,,pending
doi:10.22235/pe.v18i2.4415,0,0,0.0,0,2,False,,pending
record:f06305e4d51d9cc17459aa00,0,0,,0,1,False,,pending
doi:10.1016/j.worlddev.2022.106131,0,0,,0,1,False,,pending
record:dff306cdf2e61df792b61d3b,1,1,,1,1,False,,pending
doi:10.37177/unicen/eb31-287,0,0,0.1,0,2,False,,pending
record:3a7d056d2a66b8e58dd41a05,0,0,,0,1,False,,pending
doi:10.37177/unicen/eb31-292,0,0,,0,1,False,,pending
record:95f3ef8e8494318f999611f2,1,1,,1,1,False,,pending
record:00fe10c6ee58ca2623530dd1,0,0,0.1,0,2,False,,pending
record:80d2847f49bea6d50a156180,0,0,0.1,0,2,False,,pending
doi:10.35305/rece.v1i21.957,-1,,,,0,True,,pending
record:864cddbce798939fcd7a2c83,0,0,,0,1,False,,pending
record:9f7ce1d295c412061c163c33,0,0,,0,1,False,,pending
record:247553b963eebb6c3bfa63f0,0,0,,0,1,False,,pending
record:9e6b279c3690576201ad6ee8,0,0,,0,1,False,,pending
record:13b9e52cf4347bca6b60f01b,0,0,,0,1,False,,pending
record:bf0b2f6bce35c8974578b317,0,0,0.1,0,2,False,,pending
record:04832233edd96abdbd6ad792,0,0,,0,1,False,,pending
record:ec1ac1f0af097da49397378d,0,0,,0,1,False,,pending
record:1133a50f1d0ce817d2a61845,0,0,0.1,0,2,False,,pending
record:95abfba04acc4936d5d42e58,1,1,,1,1,False,,pending
record:243411633ca47eda7ef44c29,0,0,,0,1,False,,pending
record:1a93bf6bf4ff7bb171b19b19,0,0,0.1,0,2,False,,pending
record:4d0f0b6b27041a35f1a1c544,0,0,,0,1,False,,pending
record:134f6fc366ab7398900728dd,1,1,,1,1,False,,pending
record:d005f86778f49513514d7bc9,0,0,0.1,0,2,False,,pending
record:d8c52c89a8c95bafc7989c63,0,0,0.1,0,2,False,,pending
record:0e803845efbe9a2e2ba8ef83,0,0,0.1,0,2,False,,pending
record:df6b4681ccba0eaac8695196,0,0,0.1,0,2,False,,pending
record:6bcf1acb3e95e14d407fc9f6,0,0,0.0,0,2,False,,pending
record:a196f07f3f237b004e6b896f,1,1,,1,1,False,,pending
record:543418a59c6389b50589d571,0,0,,0,1,False,,pending
record:d40cc3be2f90f1313d758ead,0,0,,0,1,False,,pending
