model,corpus,topic_id,rank,term,weight
BERTopic-ARGENTINA-2020-2026,metadata,0,1,liderazgo,0.48899848284520275
BERTopic-ARGENTINA-2020-2026,metadata,0,2,leadership,0.3629590505778261
BERTopic-ARGENTINA-2020-2026,metadata,0,3,dirección escolar,0.34970257408345
BERTopic-ARGENTINA-2020-2026,metadata,0,4,teacher,0.3300453941829897
BERTopic-ARGENTINA-2020-2026,metadata,0,5,liderazgo directivo,0.329250048578024
BERTopic-ARGENTINA-2020-2026,metadata,0,6,inclusive,0.32057451122470865
BERTopic-ARGENTINA-2020-2026,metadata,0,7,liderazgo escolar,0.319651666994856
BERTopic-ARGENTINA-2020-2026,metadata,0,8,barreras,0.30137471729510296
BERTopic-ARGENTINA-2020-2026,metadata,0,9,políticas educativas,0.28880689214260963
BERTopic-ARGENTINA-2020-2026,metadata,0,10,directores,0.28839978076593703
BERTopic-ARGENTINA-2020-2026,metadata,1,1,gender,0.2942449185056244
BERTopic-ARGENTINA-2020-2026,metadata,1,2,género,0.29147421890270603
BERTopic-ARGENTINA-2020-2026,metadata,1,3,technical,0.2909670148154454
BERTopic-ARGENTINA-2020-2026,metadata,1,4,mujeres,0.28897256525752624
BERTopic-ARGENTINA-2020-2026,metadata,1,5,nueva,0.28897256525752624
BERTopic-ARGENTINA-2020-2026,metadata,1,6,his,0.2773468528461519
BERTopic-ARGENTINA-2020-2026,metadata,1,7,women,0.2773468528461519
BERTopic-ARGENTINA-2020-2026,metadata,1,8,cambiemos,0.2773468528461519
BERTopic-ARGENTINA-2020-2026,metadata,1,9,act,0.2773468528461519
BERTopic-ARGENTINA-2020-2026,metadata,1,10,fines,0.2770376180431112
BERTopic-ARGENTINA-2020-2026,metadata,2,1,pandemia,0.47417462007175354
BERTopic-ARGENTINA-2020-2026,metadata,2,2,digital,0.4563114989512263
BERTopic-ARGENTINA-2020-2026,metadata,2,3,covid-19,0.43415465645362994
BERTopic-ARGENTINA-2020-2026,metadata,2,4,pandemic,0.38731274641357055
BERTopic-ARGENTINA-2020-2026,metadata,2,5,tecnologías,0.36824829900151007
BERTopic-ARGENTINA-2020-2026,metadata,2,6,durante,0.3529917382289648
BERTopic-ARGENTINA-2020-2026,metadata,2,7,desigualdades,0.3339082681566555
BERTopic-ARGENTINA-2020-2026,metadata,2,8,covid-19 pandemic,0.30190157220738717
BERTopic-ARGENTINA-2020-2026,metadata,2,9,i,0.30190157220738717
BERTopic-ARGENTINA-2020-2026,metadata,2,10,pandemia covid-19,0.2950391828959157
BERTopic-ARGENTINA-2020-2026,metadata,3,1,rural,0.635536148307348
BERTopic-ARGENTINA-2020-2026,metadata,3,2,rurales,0.5393478486137575
BERTopic-ARGENTINA-2020-2026,metadata,3,3,pueblos,0.4404014562932407
BERTopic-ARGENTINA-2020-2026,metadata,3,4,escuelas rurales,0.4404014562932407
BERTopic-ARGENTINA-2020-2026,metadata,3,5,territorio,0.435939313004901
BERTopic-ARGENTINA-2020-2026,metadata,3,6,bolívar,0.4326192661577036
BERTopic-ARGENTINA-2020-2026,metadata,3,7,saberes,0.4255814661556975
BERTopic-ARGENTINA-2020-2026,metadata,3,8,apoyo,0.4132513263796028
BERTopic-ARGENTINA-2020-2026,metadata,3,9,locales,0.4077838876724863
BERTopic-ARGENTINA-2020-2026,metadata,3,10,classroom,0.4005276121576531
