model,topic_id,rank,term,metric
stm,1,1,núm,FREX
stm,1,2,atribución,FREX
stm,1,3,okul,FREX
stm,1,4,için,FREX
stm,1,5,caos,FREX
stm,1,6,öğretmenlerin,FREX
stm,1,7,morin,FREX
stm,1,8,bir,FREX
stm,1,9,inca,FREX
stm,1,10,negocios,FREX
stm,1,11,analítica,FREX
stm,1,12,yönetim,FREX
stm,1,13,cusco,FREX
stm,1,14,complejidad,FREX
stm,1,15,págs,FREX
stm,1,16,complejo,FREX
stm,1,17,yönetiminde,FREX
stm,1,18,nocomercial,FREX
stm,1,19,karar,FREX
stm,1,20,dashboard,FREX
stm,2,1,articles,FREX
stm,2,2,bibliometric,FREX
stm,2,3,hallinger,FREX
stm,2,4,finnish,FREX
stm,2,5,visionary,FREX
stm,2,6,publications,FREX
stm,2,7,leader,FREX
stm,2,8,finland,FREX
stm,2,9,leadership,FREX
stm,2,10,citations,FREX
stm,2,11,journals,FREX
stm,2,12,bush,FREX
stm,2,13,vietnam,FREX
stm,2,14,authors,FREX
stm,2,15,leaders’,FREX
stm,2,16,leadership”,FREX
stm,2,17,neuroscience,FREX
stm,2,18,risku,FREX
stm,2,19,spillane,FREX
stm,2,20,emerging,FREX
stm,3,1,tua,FREX
stm,3,2,palopo,FREX
stm,3,3,orang,FREX
stm,3,4,indigenous,FREX
stm,3,5,kolaborasi,FREX
stm,3,6,wisdom,FREX
stm,3,7,anak,FREX
stm,3,8,smpn,FREX
stm,3,9,wawancara,FREX
stm,3,10,smp,FREX
stm,3,11,rumah,FREX
stm,3,12,negeri,FREX
stm,3,13,parenting,FREX
stm,3,14,anak-anak,FREX
stm,3,15,keluarga,FREX
stm,3,16,ecological,FREX
stm,3,17,kelola,FREX
stm,3,18,surat,FREX
stm,3,19,didik,FREX
stm,3,20,kami,FREX
stm,4,1,tic,FREX
stm,4,2,formativa,FREX
stm,4,3,tecnologías,FREX
stm,4,4,virtuales,FREX
stm,4,5,artificial,FREX
stm,4,6,plataformas,FREX
stm,4,7,estudiante,FREX
stm,4,8,inteligencia,FREX
stm,4,9,universitaria,FREX
stm,4,10,multidisciplinarios,FREX
stm,4,11,aprendizaje,FREX
stm,4,12,personalización,FREX
stm,4,13,lenguaje,FREX
stm,4,14,crítico,FREX
stm,4,15,plataforma,FREX
stm,4,16,privacidad,FREX
stm,4,17,avances,FREX
stm,4,18,profundo,FREX
stm,4,19,algoritmos,FREX
stm,4,20,éticos,FREX
stm,5,1,ict,FREX
stm,5,2,silence,FREX
stm,5,3,administrators,FREX
stm,5,4,distance,FREX
stm,5,5,opinions,FREX
stm,5,6,edmodo,FREX
stm,5,7,digital,FREX
stm,5,8,evident,FREX
stm,5,9,usage,FREX
stm,5,10,technology,FREX
stm,5,11,english,FREX
stm,5,12,technologies,FREX
stm,5,13,information,FREX
stm,5,14,üniversitesi,FREX
stm,5,15,gen,FREX
stm,5,16,platforms,FREX
stm,5,17,self-esteem,FREX
stm,5,18,managers,FREX
stm,5,19,turkey,FREX
stm,5,20,definitely,FREX
stm,6,1,smts,FREX
stm,6,2,flourishing,FREX
stm,6,3,smt,FREX
stm,6,4,instructional,FREX
stm,6,5,transformational,FREX
stm,6,6,principal’s,FREX
stm,6,7,style,FREX
stm,6,8,transactional,FREX
stm,6,9,bass,FREX
stm,6,10,latent,FREX
stm,6,11,accounting,FREX
stm,6,12,principals,FREX
stm,6,13,principals’,FREX
stm,6,14,job,FREX
stm,6,15,team,FREX
stm,6,16,cpd,FREX
stm,6,17,shared,FREX
stm,6,18,employee,FREX
stm,6,19,mediating,FREX
stm,6,20,self-efficacy,FREX
stm,7,1,kinerja,FREX
stm,7,2,variabel,FREX
stm,7,3,uji,FREX
stm,7,4,regresi,FREX
stm,7,5,disiplin,FREX
stm,7,6,sebesar,FREX
stm,7,7,pengaruh,FREX
stm,7,8,pegawai,FREX
stm,7,9,integritas,FREX
stm,7,10,signifikan,FREX
stm,7,11,tabel,FREX
stm,7,12,koefisien,FREX
stm,7,13,kerja,FREX
stm,7,14,pengawasan,FREX
stm,7,15,motivasi,FREX
stm,7,16,kompetensi,FREX
stm,7,17,karyawan,FREX
stm,7,18,bumi,FREX
stm,7,19,korelasi,FREX
stm,7,20,yayasan,FREX
stm,8,1,initiatives,FREX
stm,8,2,enhancing,FREX
stm,8,3,sustainable,FREX
stm,8,4,promoting,FREX
stm,8,5,ensuring,FREX
stm,8,6,colleges,FREX
stm,8,7,addressing,FREX
stm,8,8,responsive,FREX
stm,8,9,resilience,FREX
stm,8,10,landscape,FREX
stm,8,11,evolving,FREX
stm,8,12,diverse,FREX
stm,8,13,для,FREX
stm,8,14,programmes,FREX
stm,8,15,integration,FREX
stm,8,16,inclusive,FREX
stm,8,17,faculty,FREX
stm,8,18,pivotal,FREX
stm,8,19,signature,FREX
stm,8,20,insights,FREX
stm,9,1,sua,FREX
stm,9,2,também,FREX
stm,9,3,direitos,FREX
stm,9,4,acesso,FREX
stm,9,5,anos,FREX
stm,9,6,seus,FREX
stm,9,7,esse,FREX
stm,9,8,suas,FREX
stm,9,9,além,FREX
stm,9,10,comunidade,FREX
stm,9,11,ainda,FREX
stm,9,12,mesmo,FREX
stm,9,13,pois,FREX
stm,9,14,assim,FREX
stm,9,15,seja,FREX
stm,9,16,bem,FREX
stm,9,17,quanto,FREX
stm,9,18,condições,FREX
stm,9,19,princípios,FREX
stm,9,20,eleição,FREX
stm,10,1,vocational,FREX
stm,10,2,facilities,FREX
stm,10,3,graduates,FREX
stm,10,4,organizing,FREX
stm,10,5,entrepreneurship,FREX
stm,10,6,factory,FREX
stm,10,7,carrying,FREX
stm,10,8,carry,FREX
stm,10,9,quality,FREX
stm,10,10,planning,FREX
stm,10,11,entrepreneurial,FREX
stm,10,12,assistance,FREX
stm,10,13,namely,FREX
stm,10,14,tqm,FREX
stm,10,15,curriculum,FREX
stm,10,16,must,FREX
stm,10,17,child-friendly,FREX
stm,10,18,parties,FREX
stm,10,19,implementation,FREX
stm,10,20,industry,FREX
stm,11,1,rolando,FREX
stm,11,2,interdisciplinarias,FREX
stm,11,3,julia,FREX
stm,11,4,roxana,FREX
stm,11,5,scielo,FREX
stm,11,6,abarca,FREX
stm,11,7,sistemática,FREX
stm,11,8,rurales,FREX
stm,11,9,redalyc,FREX
stm,11,10,migrantes,FREX
stm,11,11,prisma,FREX
stm,11,12,cación,FREX
stm,11,13,publicaciones,FREX
stm,11,14,exclusión,FREX
stm,11,15,artículos,FREX
stm,11,16,dialnet,FREX
stm,11,17,inglés,FREX
stm,11,18,búsqueda,FREX
stm,11,19,elegibilidad,FREX
stm,11,20,brechas,FREX
stm,12,1,boarding,FREX
stm,12,2,pesantren,FREX
stm,12,3,quran,FREX
stm,12,4,gontor,FREX
stm,12,5,bengkulu,FREX
stm,12,6,santri,FREX
stm,12,7,moderation,FREX
stm,12,8,pondok,FREX
stm,12,9,islamic,FREX
stm,12,10,religious,FREX
stm,12,11,kyai,FREX
stm,12,12,kiai,FREX
stm,12,13,tahfidz,FREX
stm,12,14,darul,FREX
stm,12,15,prophet,FREX
stm,12,16,community-based,FREX
stm,12,17,jambi,FREX
stm,12,18,darussalam,FREX
stm,12,19,zarkasyi,FREX
stm,12,20,character,FREX
stm,13,1,nursing,FREX
stm,13,2,wales,FREX
stm,13,3,emergency,FREX
stm,13,4,medical,FREX
stm,13,5,disabled,FREX
stm,13,6,depression,FREX
stm,13,7,yes,FREX
stm,13,8,plos,FREX
stm,13,9,stress,FREX
stm,13,10,adolescents,FREX
stm,13,11,cognitive,FREX
stm,13,12,pmid,FREX
stm,13,13,anxiety,FREX
stm,13,14,ireland,FREX
stm,13,15,bmc,FREX
stm,13,16,psychol,FREX
stm,13,17,anger,FREX
stm,13,18,health,FREX
stm,13,19,disabilities,FREX
stm,13,20,canoas,FREX
stm,14,1,koinonia,FREX
stm,14,2,auditoría,FREX
stm,14,3,depósito,FREX
stm,14,4,coro,FREX
stm,14,5,corrupción,FREX
stm,14,6,contabilidad,FREX
stm,14,7,presupuesto,FREX
stm,14,8,arbitrada,FREX
stm,14,9,fundación,FREX
stm,14,10,fiscales,FREX
stm,14,11,honduras,FREX
stm,14,12,venezuela,FREX
stm,14,13,tributaria,FREX
stm,14,14,impuestos,FREX
stm,14,15,financiera,FREX
stm,14,16,defensa,FREX
stm,14,17,jurídica,FREX
stm,14,18,gubernamental,FREX
stm,14,19,desastres,FREX
stm,14,20,modernización,FREX
stm,15,1,igobernanza,FREX
stm,15,2,transformacional,FREX
stm,15,3,directivo,FREX
stm,15,4,líder,FREX
stm,15,5,liderazgo,FREX
stm,15,6,estratégica,FREX
stm,15,7,autoevaluación,FREX
stm,15,8,gerenciales,FREX
stm,15,9,villa,FREX
stm,15,10,misión,FREX
stm,15,11,piedra,FREX
stm,15,12,puente,FREX
stm,15,13,metas,FREX
stm,15,14,planificación,FREX
stm,15,15,escalante,FREX
stm,15,16,directiva,FREX
stm,15,17,líderes,FREX
stm,15,18,pinedo,FREX
stm,15,19,acreditación,FREX
stm,15,20,director,FREX
stm,16,1,women,FREX
stm,16,2,abusive,FREX
stm,16,3,women’s,FREX
stm,16,4,racism,FREX
stm,16,5,positions,FREX
stm,16,6,womens,FREX
stm,16,7,discrimination,FREX
stm,16,8,dilemmas,FREX
stm,16,9,gendered,FREX
stm,16,10,superintendents,FREX
stm,16,11,feminist,FREX
stm,16,12,black,FREX
stm,16,13,stereotypes,FREX
stm,16,14,equality,FREX
stm,16,15,men,FREX
stm,16,16,love,FREX
stm,16,17,race,FREX
stm,16,18,identities,FREX
stm,16,19,racial,FREX
stm,16,20,woman,FREX
stm,17,1,bullying,FREX
stm,17,2,konseling,FREX
stm,17,3,keputusan,FREX
stm,17,4,partisipatif,FREX
stm,17,5,mutu,FREX
stm,17,6,bimbingan,FREX
stm,17,7,pencegahan,FREX
stm,17,8,pelaksanaan,FREX
stm,17,9,tindakan,FREX
stm,17,10,kebijakan,FREX
stm,17,11,pengambilan,FREX
stm,17,12,staf,FREX
stm,17,13,kepala,FREX
stm,17,14,warga,FREX
stm,17,15,efektif,FREX
stm,17,16,masyarakat,FREX
stm,17,17,seluruh,FREX
stm,17,18,pimpinan,FREX
stm,17,19,perencanaan,FREX
stm,17,20,pengelolaan,FREX
stm,18,1,coeficiente,FREX
stm,18,2,bilateral,FREX
stm,18,3,hipótesis,FREX
stm,18,4,spearman,FREX
stm,18,5,rho,FREX
stm,18,6,correlación,FREX
stm,18,7,significancia,FREX
stm,18,8,ítems,FREX
stm,18,9,moderada,FREX
stm,18,10,compromisos,FREX
stm,18,11,prueba,FREX
stm,18,12,estadísticamente,FREX
stm,18,13,nula,FREX
stm,18,14,ítem,FREX
stm,18,15,satisfacción,FREX
stm,18,16,correlacional,FREX
stm,18,17,cuestionario,FREX
stm,18,18,estadístico,FREX
stm,18,19,confiabilidad,FREX
stm,18,20,dimensiones,FREX
stm,19,1,smc,FREX
stm,19,2,parent,FREX
stm,19,3,smcs,FREX
stm,19,4,financial,FREX
stm,19,5,overcrowded,FREX
stm,19,6,africa,FREX
stm,19,7,cybersecurity,FREX
stm,19,8,private,FREX
stm,19,9,parental,FREX
stm,19,10,participation,FREX
stm,19,11,involvement,FREX
stm,19,12,grants,FREX
stm,19,13,controls,FREX
stm,19,14,head,FREX
stm,19,15,schools’,FREX
stm,19,16,parents’,FREX
stm,19,17,pta,FREX
stm,19,18,rate,FREX
stm,19,19,rest,FREX
stm,19,20,parents,FREX
stm,20,1,privatización,FREX
stm,20,2,indígenas,FREX
stm,20,3,indígena,FREX
stm,20,4,aires,FREX
stm,20,5,discursos,FREX
stm,20,6,mujeres,FREX
stm,20,7,establecimientos,FREX
stm,20,8,nosotros,FREX
stm,20,9,riie,FREX
stm,20,10,buenos,FREX
stm,20,11,chileno,FREX
stm,20,12,pei,FREX
stm,20,13,córdoba,FREX
stm,20,14,pueblos,FREX
stm,20,15,establecimiento,FREX
stm,20,16,escuela,FREX
stm,20,17,argentina,FREX
stm,20,18,traslados,FREX
stm,20,19,niñas,FREX
stm,20,20,foucault,FREX
stm,21,1,latam,FREX
stm,21,2,paraguay,FREX
stm,21,3,asunción,FREX
stm,21,4,indtec,FREX
stm,21,5,isni,FREX
stm,21,6,pág,FREX
stm,21,7,bachillerato,FREX
stm,21,8,arbitrado,FREX
stm,21,9,montúfar,FREX
stm,21,10,ricardo,FREX
stm,21,11,tut,FREX
stm,21,12,latinoamericana,FREX
stm,21,13,acompañamiento,FREX
stm,21,14,activas,FREX
stm,21,15,reg,FREX
stm,21,16,humanidades,FREX
stm,21,17,tecnológico,FREX
stm,21,18,mayo-julio,FREX
stm,21,19,human-generated,FREX
stm,21,20,desacuerdo,FREX
stm,22,1,rvgluz,FREX
stm,22,2,atribución-compartirigual,FREX
stm,22,3,rica,FREX
stm,22,4,mep,FREX
stm,22,5,síndrome,FREX
stm,22,6,educare,FREX
stm,22,7,twitter,FREX
stm,22,8,mindfulness,FREX
stm,22,9,costa,FREX
stm,22,10,delimitadas,FREX
stm,22,11,confinamiento,FREX
stm,22,12,maslach,FREX
stm,22,13,educareunaaccr,FREX
stm,22,14,educareunacr,FREX
stm,22,15,autorizaciones,FREX
stm,22,16,venezolana,FREX
stm,22,17,enero-abril,FREX
stm,22,18,despersonalización,FREX
stm,22,19,burnout,FREX
stm,22,20,garcía-martínez,FREX
