model,corpus,language,topic_id,automatic_label,human_label,topic_label,label_status,label_notes,prevalence,document_count,top_words,top_ngrams,representative_titles,coherence,diversity,stability,is_outlier
BERTopic-METADATA-MULTILINGUAL,metadata,multilingual,-1,Outliers,,Outliers,pending,,53.2997,1163,escolar | gestin | gestin escolar | se | educativa | como | liderazgo | docentes | educational | leadership,gestin escolar,,,,,True
BERTopic-METADATA-MULTILINGUAL,metadata,multilingual,0,transformacional · liderazgo transformacional · liderazgo · liderazgo transformacional gestin,,transformacional · liderazgo transformacional · liderazgo · liderazgo transformacional gestin,pending,,2.3831,52,transformacional | liderazgo transformacional | liderazgo | liderazgo transformacional gestin | transformacional gestin | directivos | distribuido | direccin | transformacional gestin educativa | direccin escolar,liderazgo transformacional | liderazgo transformacional gestin | transformacional gestin | transformacional gestin educativa | direccin escolar,¿Volverse el error de la matrix? | Desafíos y estrategias en las trayectorias escolares del secundario del equipo directivo | Become the error in the matrix?: A critical study of leadership discourses for school management in managerial times,,,,False
BERTopic-METADATA-MULTILINGUAL,metadata,multilingual,1,padres · familia · parental · padres familia,,padres · familia · parental · padres familia,pending,,2.1998,48,padres | familia | parental | padres familia | parents | parental involvement | participacin padres | involvement | participacin | satisfaccin,padres familia | parental involvement | participacin padres,"Desdobramentos da relação entre gestão escolar e família dos educandos: uma metanálise de estudos publicados entre 2009 e 2019 | Effectiveness of Parent Teacher School Management Committee on Quality of Education in Public Secondary School of Tehsil Hub, District Lasbela | Parent’s Perception on Face-to-Face Learning",,,,False
BERTopic-METADATA-MULTILINGUAL,metadata,multilingual,2,paulo freire · freire · complejidad · paulo,,paulo freire · freire · complejidad · paulo,pending,,2.1998,48,paulo freire | freire | complejidad | paulo | filosofa | pedaggica | cursos | distancia | epistemolgica | trabajo colegiado,paulo freire | trabajo colegiado,A contribuição da Licenciatura em Educação do Campo UFCG para a formação docente e a prática pedagógica das escolas no Cariri paraibano: concepção dos egressos | A GESTÃO PEDAGÓGICA NOS CURSOS TÉCNICOS A DISTÂNCIA: UMA ANÁLISE DA REALIDADE ESCOLAR. | Explaining the school management based on scientific metaphor or personal experience? A case study on the management approach of successful school principals,,,,False
BERTopic-METADATA-MULTILINGUAL,metadata,multilingual,3,artificial · ia · inteligencia artificial · inteligencia,,artificial · ia · inteligencia artificial · inteligencia,pending,,2.1082,46,artificial | ia | inteligencia artificial | inteligencia | ai | intelligence | artificial intelligence | machine learning | inteligencia artificial ia | artificial ia,inteligencia artificial | artificial intelligence | machine learning | inteligencia artificial ia | artificial ia,Prólogo | La Inteligencia Artificial al servicio de la gestión y la implementación en la educación | Navigating the challenges and opportunities of artificial intelligence in educational leadership: A scoping review,,,,False
BERTopic-METADATA-MULTILINGUAL,metadata,multilingual,4,boarding · islamic · islamic boarding · boarding school,,boarding · islamic · islamic boarding · boarding school,pending,,1.9707,43,boarding | islamic | islamic boarding | boarding school | character | boarding schools | boarding school management | islamic boarding schools | islam | religious,islamic boarding | boarding school | boarding schools | boarding school management | islamic boarding schools,Islamic Boarding School Management in Forming The Religious Character of Students | ENHANCING MORAL INTEGRITY: ISLAMIC EDUCATION'S ROLE IN FOSTERING SUPERIOR CHARACTER WITHIN ISLAMIC BOARDING SCHOOL MANAGEMENT | MANAJEMEN SEKOLAH DALAM MEWUJUDKAN SEKOLAH SEHAT DI SMP ISLAM CENDEKIA CIANJUR (SICC) BOARDING SCHOOL,,,,False
BERTopic-METADATA-MULTILINGUAL,metadata,multilingual,5,job · satisfaction · job satisfaction · motivation,,job · satisfaction · job satisfaction · motivation,pending,,1.9248,42,job | satisfaction | job satisfaction | motivation | teachers | performance | stress | teacher | effect | school teachers,job satisfaction | school teachers,Leadership and motivation for improved academic performance in schools in low socio-economic contexts | The Effects of Organizational Justice on Employee Performance Using Dimension of Organizational Citizenship Behavior as Mediation | Collaborative Leadership and School Management Committees' Impact on Primary Teachers' Job Satisfaction in Sarawak Malaysia,,,,False
BERTopic-METADATA-MULTILINGUAL,metadata,multilingual,6,covid19 · pandemic · coronavirus · disease,,covid19 · pandemic · coronavirus · disease,pending,,1.8332,40,covid19 | pandemic | coronavirus | disease | covid19 pandemic | disease covid19 | coronavirus disease | coronavirus disease covid19 | during | during covid19,covid19 pandemic | disease covid19 | coronavirus disease | coronavirus disease covid19 | during covid19,Adapting educational practices in emergency remote education: Continuity and change from a student perspective | PENGARUH NEW NORMAL DITENGAH PANDEMI COVID-19 TERHADAP PENGELOLAHAN SEKOLAH DAN PESERTA DIDIK | Work-Related Stress of Polish School Principals during the COVID-19 Pandemic as a Risk Factor for Burnout,,,,False
BERTopic-METADATA-MULTILINGUAL,metadata,multilingual,7,rurales · rural · indgena · escuelas rurales,,rurales · rural · indgena · escuelas rurales,pending,,1.7874,39,rurales | rural | indgena | escuelas rurales | escuela rural | convivencia | comunidades | comunidad | contexto | escuela,escuelas rurales | escuela rural,"La convivencia escolar en comunidades educativas del Ecuador : Un Análisis de la Política Nacional de Convivencia Escolar del MINEDUC (2021) | As escolas de várzea na Amazônia paraense: estudo a partir de um polo no município de Óbidos-PA | Ruralidades, Escuela y Comunidades: configuración de deseos en jóvenes de la Escuela “Las Aves” de Colombia",,,,False
BERTopic-METADATA-MULTILINGUAL,metadata,multilingual,8,buenos aires · aires · buenos · argentina,,buenos aires · aires · buenos · argentina,pending,,1.6499,36,buenos aires | aires | buenos | argentina | crdoba | provincia buenos | provincia buenos aires | provincia | provincial | xx,buenos aires | provincia buenos | provincia buenos aires,"Biopolítica, imperativos de regulación y gestión escolar: Un análisis de las prácticas de directores/as del nivel secundario en el partido de San Martín a partir de la irrupción del covid 19 | El trabajo de dirigir: apuntes conceptuales sobre la dirección escolar en Argentina, 2001- 2020 | La gestión educativa de la escuela secundaria: aportes desde la perspectiva de directivos de la Provincia de Buenos Aires, entre 2010 y 2020",,,,False
BERTopic-METADATA-MULTILINGUAL,metadata,multilingual,9,leadership · educational leadership · followers · educational,,leadership · educational leadership · followers · educational,pending,,1.604,35,leadership | educational leadership | followers | educational | leadership theory | leader | flourishing | standards | style | maturity,educational leadership | leadership theory,"The Impact of Educational Leadership on Student Achievement: A Comparative Analysis of Urban and Rural Schools | REPRESENTATION OF THE CONCEPT OF ""EDUCATIONAL LEADERSHIP"" IN THE PUBLISHED ARTICLES OF JOURNALS IN THE FIELD OF EDUCATION | Educational leadership : a field test of Hersey and Blanchard's situational leadership theory.",,,,False
BERTopic-METADATA-MULTILINGUAL,metadata,multilingual,10,women · gender · female · sexual,,women · gender · female · sexual,pending,,1.5582,34,women | gender | female | sexual | gnero | womens | leadership positions | positions | equality | mujeres,leadership positions,Women in Educational Leadership: Realities and Challenges | Editorial: Women in educational leadership | La construcción de liderazgo de directoras escolares: las múltiples identidades desde el género,,,,False
BERTopic-METADATA-MULTILINGUAL,metadata,multilingual,11,amp · leadership · style · styles,,amp · leadership · style · styles,pending,,1.5124,33,amp | leadership | style | styles | leadership style | organizational | journal | democratic leadership | educational leadership | instructional,leadership style | democratic leadership | educational leadership,Comparative Analysis of Authoritative and Democratic Leadership Styles and Their Impact on School Management Effectiveness | The influence of educational leadership on students’ academic performance in secondary schools: A case of Itilima district | Educational Leadership Management Practices: A Perspective to Educational Transformation,,,,False
BERTopic-METADATA-MULTILINGUAL,metadata,multilingual,12,ict · information · technology · tic,,ict · information · technology · tic,pending,,1.4665,32,ict | information | technology | tic | integration | tecnologas | uso | information literacy | management information | ict integration,information literacy | management information | ict integration,Perceptions of school management teams on information and communication technology integration in township and rural secondary schools in KwaZulu-Natal | Analyzing the challenges basic school teachers face in integrating Information and Communication Technology into teaching and learning activities in a developing country | PEMANFAATAN TEKNOLOGI INFORMASI DALAM MENUNJANG MUTU PENDIDIKAN SEKOLAH,,,,False
BERTopic-METADATA-MULTILINGUAL,metadata,multilingual,13,digital · digital transformation · transformation · era,,digital · digital transformation · transformation · era,pending,,1.3749,30,digital | digital transformation | transformation | era | digital era | transformacin digital | digitales | digital leadership | talent | school management during,digital transformation | digital era | transformacin digital | digital leadership | school management during,The Digital Edge in Education: Harnessing ICT for Optimal School Management | Perceptions of school management on cyber threats: The case of resource-constrained schools in South Africa | Opportunities and challenges of school management in the digital era,,,,False
BERTopic-METADATA-MULTILINGUAL,metadata,multilingual,14,bullying · violencia · prevention · suicide,,bullying · violencia · prevention · suicide,pending,,1.2832,28,bullying | violencia | prevention | suicide | convivencia | violencia escolar | conflictos | prevalence | familiar | preventing,violencia escolar,VULNERABILIDADE SOCIAL: práticas e desafios em escolas públicas de educação básica | Perspective on the Prevention of Suicide among School Learners by School Management | School Management Strategies in Preventing School Bullying,,,,False
BERTopic-METADATA-MULTILINGUAL,metadata,multilingual,15,quality · quality management · total quality management · total quality,,quality · quality management · total quality management · total quality,pending,,1.1457,25,quality | quality management | total quality management | total quality | quality education | vocational | model school | total | model | school quality,quality management | total quality management | total quality | quality education | model school | school quality,School Management Model Based on Community Participation HARMONY Approach to Improving School Quality | Implementation of Total Quality Management in School Management: Cross Site Study at SMK Negeri 2 Banjarmasin and SMK Negeri 4 Banjarmasin | Implementasi Manajemen Mutu di SDN Prambon,,,,False
BERTopic-METADATA-MULTILINGUAL,metadata,multilingual,16,democrtica · democratic · democracy · gesto,,democrtica · democratic · democracy · gesto,pending,,1.0082,22,democrtica | democratic | democracy | gesto | gestin democrtica | democratic management | gesto democrtica | democracia | mato | grosso,gestin democrtica | democratic management | gesto democrtica,GESTÃO DEMOCRÁTICA NO ESTADO DE MATO GROSSO: conquista ameaçada pela implantação de políticas educacionais conservadoras | GESTÃO ESCOLAR E A DEMOCRACIA: CONCEPÇÕES E PRÁTICAS DA EQUIPE ESCOLAR DO ENSINO FUNDAMENTAL I | GESTÃO DEMOCRÁTICA: uma reflexão a partir da percepção dos gestores escolares,,,,False
BERTopic-METADATA-MULTILINGUAL,metadata,multilingual,17,ambiental · waste · environmental · wa,,ambiental · waste · environmental · wa,pending,,1.0082,22,ambiental | waste | environmental | wa | senior high schools | wa municipality | schools within | desarrollo sostenible | municipality | sostenible,senior high schools | wa municipality | schools within | desarrollo sostenible,"Educación para el desarrollo sostenible ¿Cuánto saben los jóvenes sobre temas ambientales? Estudio de caso en Lujan, Argentina | WASTE DISPOSAL MANAGEMENT PRACTICES IN SELECTED SENIOR HIGH SCHOOLS WITHIN THE WA MUNICIPALITY OF GHANA | IMPLICATIONS OF POOR WASTE DISPOSAL MANAGEMENT PRACTICES ON SENIOR HIGH SCHOOLS WITHIN THE WA MUNICIPALITY OF GHANA",,,,False
BERTopic-METADATA-MULTILINGUAL,metadata,multilingual,18,black · racism · race · racial,,black · racism · race · racial,pending,,0.9624,21,black | racism | race | racial | antiracist | white | critical race | privilege | race theory | critical race theory,critical race | race theory | critical race theory,"Black Educational Leadership : From Silencing to Authenticity | “Unbroken, but Bent”: Gendered Racism in School Leadership | “We Don’t Got Time for Grumbling”: Toward an Ethic of Radical Care in Urban School Leadership",,,,False
BERTopic-METADATA-MULTILINGUAL,metadata,multilingual,19,system · management system · school management system · information,,system · management system · school management system · information,pending,,0.9166,20,system | management system | school management system | information | management information | application | information system | management information system | web | engineering,management system | school management system | management information | information system | management information system,"Designing and Implementing e-School Systems: An Information Systems Approach to School Management of a Community College in Northern Mindanao, Philippines | Integration of School Management Systems Using a Centralized Database (ISMSCD) | Implementation of School Management Information Systems at Vocational School State I Tomohon",,,,False
BERTopic-METADATA-MULTILINGUAL,metadata,multilingual,20,calidad · calidad educativa · strategic planning · strategic,,calidad · calidad educativa · strategic planning · strategic,pending,,0.8708,19,calidad | calidad educativa | strategic planning | strategic | calidad educacin | rendimiento acadmico | estrategias gestin educativa | educational quality | resourceconstrained | society,calidad educativa | strategic planning | calidad educacin | rendimiento acadmico | estrategias gestin educativa | educational quality,La gestión escolar para el mejoramiento de la calidad educativa en la escuela Emilio Carranza | Strategic Planning in Increasing Quality of Education | Education Is A Key Tool In The Development Of Society And Educational Leadership And Is A Key Element For Effective School And Education,,,,False
BERTopic-METADATA-MULTILINGUAL,metadata,multilingual,21,calidad · calidad servicio · calidad educativa · gestin escolar calidad,,calidad · calidad servicio · calidad educativa · gestin escolar calidad,pending,,0.8708,19,calidad | calidad servicio | calidad educativa | gestin escolar calidad | escolar calidad | servicio | calidad servicio educativo | servicio educativo | educativa calidad | ptsmc,calidad servicio | calidad educativa | gestin escolar calidad | escolar calidad | calidad servicio educativo | servicio educativo | educativa calidad,"Gestión escolar en la calidad del servicio educativo en una institución pública de Breña, 2023 | Calidad educativa en la gestión escolar docente de tres instituciones educativas públicas de Tarma Junín 2024 | Gestión Educativa y Calidad Educativa con Directivos, Docentes y Administrativos de una Institución Pública De Sullana 2025",,,,False
BERTopic-METADATA-MULTILINGUAL,metadata,multilingual,22,muslim · islamic · ethical · leadership,,muslim · islamic · ethical · leadership,pending,,0.8249,18,muslim | islamic | ethical | leadership | educational leadership | islamic school | secular | beliefs | educational | country,educational leadership | islamic school,An Islamic-oriented educational leadership model: towards a new theory of school leadership in Muslim societies | Redefining Leadership: The Role of Spirituality and Motherhood in Muslim Women’s Educational Leadership | A call to re-explore Islamic-based educational leadership through new lenses,,,,False
BERTopic-METADATA-MULTILINGUAL,metadata,multilingual,23,callao · instituciones educativas pblicas · educativas pblicas · responsabilidad social,,callao · instituciones educativas pblicas · educativas pblicas · responsabilidad social,pending,,0.8249,18,callao | instituciones educativas pblicas | educativas pblicas | responsabilidad social | pblicas | objetivo desarrollo sostenible | objetivo desarrollo | desarrollo sostenible | polticas pblicas educativas | pblicas educativas,instituciones educativas pblicas | educativas pblicas | responsabilidad social | objetivo desarrollo sostenible | objetivo desarrollo | desarrollo sostenible | polticas pblicas educativas | pblicas educativas,"Gestión escolar y toma de decisiones en una institución educativa Callao, 2023 | Gestión escolar y desempeño docente en Instituciones Educativas Públicas, Lima - Santa Anita 2024 | Liderazgo transformacional y gestión educativa en una institución educativa pública UGEL 04, Comas 2025",,,,False
BERTopic-METADATA-MULTILINGUAL,metadata,multilingual,24,pandemia · ncds · mendoza · tiempos pandemia,,pandemia · ncds · mendoza · tiempos pandemia,pending,,0.7333,16,pandemia | ncds | mendoza | tiempos pandemia | postpandemia | desafos gestin | malestar | pandemic | trajectories | tiempos,tiempos pandemia | desafos gestin,"Los desafíos de la gestión directiva en pandemia como claves para pensar la configuración desigual del sistema educativo del nivel secundario en CABA | Representaciones docentes sobre las trayectorias estudiantiles en el nivel secundario durante la pandemia: “desenganche”, vínculo pedagógico y modos de evaluación | Computables: sujetos y prácticas emergentes en tiempos de pandemia en Mendoza",,,,False
BERTopic-METADATA-MULTILINGUAL,metadata,multilingual,25,academic performance · grants · county · tanzania,,academic performance · grants · county · tanzania,pending,,0.7333,16,academic performance | grants | county | tanzania | academic | students academic | students academic performance | head teachers | head | pupils,academic performance | students academic | students academic performance | head teachers,"The Role of School Management Team in Managing Students’ Academic Performance in Community Secondary Schools in Tabora Municipality- Tanzania | Influence of stakeholders participation in primary school management on academic performance: the case of Uringu division, Meru county, Kenya | Effectiveness of Heads of Schools Management of Capitation Grants for Service Delivery in Public Secondary Schools in Hai District, Tanzania",,,,False
BERTopic-METADATA-MULTILINGUAL,metadata,multilingual,26,mxico · x0d · agentes educativos · educativos sobre,,mxico · x0d · agentes educativos · educativos sobre,pending,,0.7333,16,mxico | x0d | agentes educativos | educativos sobre | nueva | artculo investigacin | mexicana | educativo | liderazgo | liderazgo educativo,agentes educativos | educativos sobre | artculo investigacin | liderazgo educativo,"Cartografía, una herramienta para interpretar el liderazgo escolar. Estudio de caso Brasil | Cartografía, una herramienta para interpretar el liderazgo escolar. Estudio de caso Brasil | Gestión educativa, convivencia y distribución del conocimiento",,,,False
BERTopic-METADATA-MULTILINGUAL,metadata,multilingual,27,innovacin · estrategias · entrepreneurship education · innovadoras,,innovacin · estrategias · entrepreneurship education · innovadoras,pending,,0.7333,16,innovacin | estrategias | entrepreneurship education | innovadoras | innovacin gestin | emprendedor | gestin conocimiento | siglo xxi | entrepreneurship | innovacin educativa,entrepreneurship education | innovacin gestin | gestin conocimiento | siglo xxi | innovacin educativa,Clasificación de Estrategias de Gestión del Conocimiento para impulsar la innovación educativa en Instituciones de Educación Superior (Classification of Knowledge Management Strategies in order to enhance educational innovation in Higher Education Institutions) | Reform of the Practice Teaching System of Entrepreneurship Education Based on 5G Fog Computing in Colleges and Universities | La escuela técnica y la pasantía en empresas: Aspectos generales sobre su puesta en acto y sus efectos en las expectativas laborales de los alumnos,,,,False
BERTopic-METADATA-MULTILINGUAL,metadata,multilingual,28,director · curriculum implementation · multigrado · director escolar,,director · curriculum implementation · multigrado · director escolar,pending,,0.6874,15,director | curriculum implementation | multigrado | director escolar | buenas prcticas | educativas especiales | necesidades educativas especiales | buenas | alumnado | liderazgo pedaggico,curriculum implementation | director escolar | buenas prcticas | educativas especiales | necesidades educativas especiales | liderazgo pedaggico,De estudiante a director: realidades que se viven en las escuelas multigrado | Funciones técnico docente y administrativas del director de multigrado y la repercusión en el desarrollo de competencias del alumno | Liderazgo y Dirección Escolar para Atender al Alumnado con Necesidades Educativas Especiales,,,,False
BERTopic-METADATA-MULTILINGUAL,metadata,multilingual,29,prcticas inclusivas · inclusivas · inclusin · inclusiva,,prcticas inclusivas · inclusivas · inclusin · inclusiva,pending,,0.6874,15,prcticas inclusivas | inclusivas | inclusin | inclusiva | educacin inclusiva | ndice inclusin | inclusiva desde | educacin inclusiva desde | prcticas | flexibilizacin,prcticas inclusivas | educacin inclusiva | ndice inclusin | inclusiva desde | educacin inclusiva desde,"The discursive axes of inclusive education to mitigate school discrimination: a documentary review | Gestión educativa para la inclusión: Perfil personal y profesional de las personas directoras de escuelas primarias en Costa Rica | Managing Staff Diversity for Effective Secondary School Management in Delta State, Nigeria",,,,False
BERTopic-METADATA-MULTILINGUAL,metadata,multilingual,30,directivo · rs · directivo gestin educativa · liderazgo directivo,,directivo · rs · directivo gestin educativa · liderazgo directivo,pending,,0.6874,15,directivo | rs | directivo gestin educativa | liderazgo directivo | ayacucho | directivo gestin | desempeo directivo | tiene nivel | gestin educativa instituciones | desempeo directivo gestin,directivo gestin educativa | liderazgo directivo | directivo gestin | desempeo directivo | tiene nivel | gestin educativa instituciones | desempeo directivo gestin,"Clima organizacional y desempeño docente en instituciones educativas de la Unidad Gestión Educativa Local, Huánuco - 2017 | Liderazgo directivo en la gestión escolar de una institución educativa de Ayacucho, 2024 | Gestión educativa y liderazgo directivo en Instituciones Educativas del Distrito de Tamburco, 2023",,,,False
BERTopic-METADATA-MULTILINGUAL,metadata,multilingual,31,inteligencia emocional · emotional · emocional · ei,,inteligencia emocional · emotional · emocional · ei,pending,,0.6874,15,inteligencia emocional | emotional | emocional | ei | emotional intelligence | inteligencia | emotions | inteligencia emocional gestin | emocional gestin | intelligence,inteligencia emocional | emotional intelligence | inteligencia emocional gestin | emocional gestin,Leading with/in emotion states: The criticality of political subjects and policy debates in educational leadership on emotions | The Influence of Emotional Intelligence in Educational Leadership and School Climate | Exploring the Role of Emotional Intelligence in Educational Leadership,,,,False
BERTopic-METADATA-MULTILINGUAL,metadata,multilingual,32,ecuador · estrategias gestin · gestin educativa eficiente · educativa eficiente,,ecuador · estrategias gestin · gestin educativa eficiente · educativa eficiente,pending,,0.6874,15,ecuador | estrategias gestin | gestin educativa eficiente | educativa eficiente | estrategias gestin educativa | educativas ecuador | norma | eficiente | education centers | early,estrategias gestin | gestin educativa eficiente | educativa eficiente | estrategias gestin educativa | educativas ecuador | education centers,"Estrategias de Gestión Escolar y su Influencia en la Efectividad del Desempeño Docente en Ecuador | “Presupuestos para el efectivo ejercicio de participación, a través del consejo de participación ciudadana y control social del Ecuador”. | School management in early education centers in Ecuador",,,,False
BERTopic-METADATA-MULTILINGUAL,metadata,multilingual,33,figuras · narrativas · lenguaje · comprensin lectora,,figuras · narrativas · lenguaje · comprensin lectora,pending,,0.6874,15,figuras | narrativas | lenguaje | comprensin lectora | lectora | figures | mg | narrative | educadoras | lingsticas,comprensin lectora,A contribuição da Metodologia das Produções Narrativas para a compreensão dos processos educativos desenvolvidos por educadoras de uma escola do campo do município de Carangola - MG | Alfabetización y lectoescritura en tiempos de reestructuración curricular: trabajo articulado entre dirección escolar y alfabetizadores en una escuela pública de São Paulo | Directio narrans: figuras retóricas en épocas de ¿crisis de la narración?. Un estudio sobre las prácticas de directoras/es escolares en el conurbano bonaerense,,,,False
BERTopic-METADATA-MULTILINGUAL,metadata,multilingual,34,compromisos gestin escolar · compromisos gestin · compromisos · trujillo,,compromisos gestin escolar · compromisos gestin · compromisos · trujillo,pending,,0.6416,14,compromisos gestin escolar | compromisos gestin | compromisos | trujillo | educativa desempeo docente | docente institucin educativa | gestin educativa desempeo | educativa desempeo | docente institucin | educacin valores,compromisos gestin escolar | compromisos gestin | educativa desempeo docente | docente institucin educativa | gestin educativa desempeo | educativa desempeo | docente institucin | educacin valores,"Competencias directivas en la gestión escolar de la Red 20, Los Olivos, 2023 | Gestión escolar y competencias del docente en las IE, Urb. Previ - Callao Norte, 2024 | Compromisos de gestión escolar y desempeño docente en una institución educativa de Bagua Grande",,,,False
BERTopic-METADATA-MULTILINGUAL,metadata,multilingual,35,desempeo docente · desempeo · clima institucional · autoestima,,desempeo docente · desempeo · clima institucional · autoestima,pending,,0.55,12,desempeo docente | desempeo | clima institucional | autoestima | ambientes | ambientes aprendizaje | docente | educativa desempeo docente | clima institucional desempeo | cep,desempeo docente | clima institucional | ambientes aprendizaje | educativa desempeo docente | clima institucional desempeo,"Estrategias de mejora para fortalecer la gestión escolar y la creación de ambientes de aprendizaje | Autoestima y desempeño docente en una institución educativa pública, El Agustino 2025 | Gestión educativa y desempeño docente en instituciones educativas inclusivas de primaria",,,,False
BERTopic-METADATA-MULTILINGUAL,metadata,multilingual,36,administrativa gestin · administrativa · gestin administrativa · gerenciales,,administrativa gestin · administrativa · gestin administrativa · gerenciales,pending,,0.55,12,administrativa gestin | administrativa | gestin administrativa | gerenciales | habilidades gerenciales | administracin | praxis | dimensin administrativa | gerencial | modelamiento,administrativa gestin | gestin administrativa | habilidades gerenciales | dimensin administrativa,Gestión administrativa y praxis gerencial en las instituciones educativas | Systematic literature review on organisational culture and strategic management in the public sector and school management | Dimensiones comparativas de la gestión administrativa y la gestión educativa,,,,False
BERTopic-METADATA-MULTILINGUAL,metadata,multilingual,37,corrupcin · per · desastres · neuqun,,corrupcin · per · desastres · neuqun,pending,,0.55,12,corrupcin | per | desastres | neuqun | impactos | educativa per | institutos | gobiernos | educacin | participacin ciudadana,educativa per | participacin ciudadana,"Problemáticas Persistentes de la Gestión Escolar en Colombia: Ausencia de Liderazgo Pedagógico | El CUValles y la investigación sobre procesos socioeducativos, un esbozo del estado del arte | Corporaciones, petróleo y educación en Neuquén. El caso de Pan American Energy",,,,False
BERTopic-METADATA-MULTILINGUAL,metadata,multilingual,38,disabilities · discapacidad · students disabilities · mild,,disabilities · discapacidad · students disabilities · mild,pending,,0.55,12,disabilities | discapacidad | students disabilities | mild | especiales | estudiantes discapacidad | inclusive | necesidades educativas especiales | educativas especiales | visual,students disabilities | estudiantes discapacidad | necesidades educativas especiales | educativas especiales,"Políticas públicas y gestión escolar: estudiantes con discapacidad visual, dos escuelas en Taguatinga-DF, Brasil | Breaking Barriers: The Influence of Teachers’ Attitudes on Inclusive Education for Students with Mild Learning Disabilities (MLDs) | Barriers and facilitators to participation in physical activity for students with disabilities in an integrated school setting: a meta-synthesis of qualitative research evidence",,,,False
BERTopic-METADATA-MULTILINGUAL,metadata,multilingual,39,smc · smcs · school management committee · management committee,,smc · smcs · school management committee · management committee,pending,,0.55,12,smc | smcs | school management committee | management committee | school management committees | committees | management committees | committee | smc members | nepal,school management committee | management committee | school management committees | management committees | smc members,The Role of School Management Committees and Head teacher’s Effectiveness in Government-Aided Primary Schools in Luweero District – Uganda | A Systematic Review of the Role of School Management Committee for the School Performance in Nepal | A STUDY OF SCHOOL MANAGEMENT COMMITTEE: CHALLENGES AND SOLUTIONS,,,,False
BERTopic-METADATA-MULTILINGUAL,metadata,multilingual,40,simon · bogot · asistencia tcnica · eficiencia,,simon · bogot · asistencia tcnica · eficiencia,pending,,0.5041,11,simon | bogot | asistencia tcnica | eficiencia | tcnica | mejoramiento | asistencia | jorge | magdalena | desercin escolar,asistencia tcnica | desercin escolar,Número Completo (Febrero) | Análisis Correlacional entre los Planes de Mejoramiento Institucional y la Gestión Educativa en Instituciones Colombianas | Gestión administrativa y deserción escolar en la institución educativa San Lorenzo de Suaza Huila periodo 2014-2019,,,,False
BERTopic-METADATA-MULTILINGUAL,metadata,multilingual,41,desigualdades · latinoamericana · amrica latina · amrica,,desigualdades · latinoamericana · amrica latina · amrica,pending,,0.4583,10,desigualdades | latinoamericana | amrica latina | amrica | sociedades democrticas | latina | latinoamrica | educacin bsica | brechas | regin,amrica latina | sociedades democrticas | educacin bsica,Las desigualdades educativas en Argentina | Gestión Educativa y Convivencia Escolar en Contextos Latinoamericanos: Una Revisión Sistemática | Calidad del servicio educativo en escuelas del nivel secundaria en Latinoamérica: una revisión narrativa,,,,False
