model,corpus,topic_id,rank,document_id,title,distance_to_centroid
BERTopic-METADATA-MULTILINGUAL,metadata,0,1,doi:10.26885/rcei.13.2.13,Desafíos y estrategias del rol directivo en la función formativa: promoviendo el cambio y la innovación en equipos docentes,0.153469
BERTopic-METADATA-MULTILINGUAL,metadata,0,2,record:acff39dd0d01406e061c2bc0,Desafíos y estrategias en las trayectorias escolares del secundario del equipo directivo,0.165793
BERTopic-METADATA-MULTILINGUAL,metadata,0,3,doi:10.32654/concienciaepg.5-1.2,Empoderamiento y liderazgo educativo en directores de la Unidad de Gestión Educativa Local de Ferreñafe,0.172839
BERTopic-METADATA-MULTILINGUAL,metadata,0,4,doi:10.70165/enfdis.v10i1.306,Desafíos y perspectivas del liderazgo en la gestión directiva,0.193782
BERTopic-METADATA-MULTILINGUAL,metadata,0,5,doi:10.53387/sa.v3i7.59,Los equipos directivos como líderes de la transformación educativa,0.194588
BERTopic-METADATA-MULTILINGUAL,metadata,0,6,doi:10.37811/cl_rcm.v6i4.2643,"Factores individuales de liderazgo en la gestión participativa orientada a resultados, estudio de caso",0.202261
BERTopic-METADATA-MULTILINGUAL,metadata,0,7,record:0d6f8de47ca1bfa06224b96b,Las redes de directivos para la mejora,0.206306
BERTopic-METADATA-MULTILINGUAL,metadata,0,8,doi:10.5281/zenodo.7949405,Las instituciones educativas primarias y su relación con el liderazgo transformacional y la gestión escolar,0.220499
BERTopic-METADATA-MULTILINGUAL,metadata,0,9,doi:10.37843/rted.v18i1.586,Incidencia del Liderazgo Pedagógico y las Competencias Directivas en la Gestión Educativa,0.226041
BERTopic-METADATA-MULTILINGUAL,metadata,0,10,doi:10.47666/summa.3.1.19,Componentes de la gestión educativa aplicables por el equipo directivo,0.230472
BERTopic-METADATA-MULTILINGUAL,metadata,1,1,record:20f37c0354b54959322b1f50,"Programa de involucramiento para padres de familia en la gestión escolar en una institución educativa Paita, 2025",0.0223
BERTopic-METADATA-MULTILINGUAL,metadata,1,2,record:3803c424156f8380fbdecc47,"La gestión escolar y la participación de los padres de familia en una institución educativa del distrito de Ate, 2024",0.035507
BERTopic-METADATA-MULTILINGUAL,metadata,1,3,doi:10.1016/j.ijedudev.2023.102899,Empowering parents and promoting school and teacher accountability and responsiveness: Case of Kyrgyzstan,0.073971
BERTopic-METADATA-MULTILINGUAL,metadata,1,4,record:2373fa6ed32975d830c67fc8,"Participación parental y gestión escolar en una institución educativa de Paita, 2025",0.082213
BERTopic-METADATA-MULTILINGUAL,metadata,1,5,record:a8855e3e6da21998c61a2681,"Satisfacción de la gestión escolar y participación de padres de familia en una institución educativa pública, Virú 2024",0.083988
BERTopic-METADATA-MULTILINGUAL,metadata,1,6,doi:10.35497/408734,Parent’s Perception on Face-to-Face Learning,0.094942
BERTopic-METADATA-MULTILINGUAL,metadata,1,7,record:c786ec6d166676fd48bd592f,Talleres formativos como alternativa de gestión para el involucramiento de los padres en el aprendizaje de una institución educativa de Puente Piedra,0.105604
BERTopic-METADATA-MULTILINGUAL,metadata,1,8,doi:10.24256/kelola.v8i1.3556,KOLABORASI SEKOLAH DENGAN ORANG TUA DALAM MENINGKATKAN PROSES BELAJAR PESERTA DIDIK,0.122695
BERTopic-METADATA-MULTILINGUAL,metadata,1,9,doi:10.1920/re.ifs.2024.0945,Empowering parents to improve education: evidence from rural Mexico,0.125304
BERTopic-METADATA-MULTILINGUAL,metadata,1,10,record:b93775db4af0ed0593257503,La participación de los padres en la gestión escolar a distancia en la Institución Educativa Inicial No 282 Apurimac 2023,0.135963
BERTopic-METADATA-MULTILINGUAL,metadata,2,1,doi:10.1007/978-981-16-9640-4,Educational Theory in the 21st Century,0.135042
BERTopic-METADATA-MULTILINGUAL,metadata,2,2,doi:10.46652/religacionpress.192.c314,"La innovación educativa desde la gestión escolar: retos, saberes y desafíos",0.168357
BERTopic-METADATA-MULTILINGUAL,metadata,2,3,doi:10.56712/latam.v4i2.1035,Nueva Lógica. Nueve cuantificadores lógicos y su valor de verdad,0.216568
BERTopic-METADATA-MULTILINGUAL,metadata,2,4,doi:10.26620/uniminuto.perspectivas.7.22.2022.146-156,Investigación en la gestión de la educación: sus aportes en la solución de problemas dentro del centro escolar,0.233009
BERTopic-METADATA-MULTILINGUAL,metadata,2,5,doi:10.33386/593dp.2022.1-1.1010,gestión educativa que impulsa a los neobachilleres para enfrentar los retos de la sociedad,0.258703
BERTopic-METADATA-MULTILINGUAL,metadata,2,6,doi:10.5281/zenodo.4020730,Pensamiento epistémico moderno y la producción de conocimiento escolar,0.27927
BERTopic-METADATA-MULTILINGUAL,metadata,2,7,doi:10.51528/rp.vol9.id2314,"Gerencia educativa: Dimensión social, transformaciones, retos y desafíos",0.283442
BERTopic-METADATA-MULTILINGUAL,metadata,2,8,doi:10.29105/vtga7.2-61,"La responsabilidad social universitaria, un reto para la gestión educativa",0.290285
BERTopic-METADATA-MULTILINGUAL,metadata,2,9,record:9c3e690adc5c001da8177e90,Modelo de gestión con ciclo Deming para promover la práctica reflexiva en el trabajo colegiado de una institución educativa de Lambayeque,0.306071
BERTopic-METADATA-MULTILINGUAL,metadata,2,10,doi:10.5281/zenodo.8169904,"LA EVALUACIÓN, UN FOCO DE MEJORAMIENTO",0.313027
BERTopic-METADATA-MULTILINGUAL,metadata,3,1,doi:10.37811/cl_rcm.v8i6.15127,La inteligencia emocional y su impacto en el aprendizaje,0.03584
BERTopic-METADATA-MULTILINGUAL,metadata,3,2,doi:10.1155/2022/7774185,[Retracted] The Development and Management Work Innovation of University Students by Artificial Intelligence and Deep Learning in the Wireless Network Era,0.036353
BERTopic-METADATA-MULTILINGUAL,metadata,3,3,doi:10.62465/rti.v2n2.2023.34,Ventajas y desventajas del uso de las Herramientas de Inteligencia artificial en la educación,0.039902
BERTopic-METADATA-MULTILINGUAL,metadata,3,4,doi:10.33262/exploradordigital.v8i3.3106,Evaluación estadística con SPSS y Python del impacto integral generado por la asistencia de inteligencia artificial en docentes ecuatorianos,0.042441
BERTopic-METADATA-MULTILINGUAL,metadata,3,5,doi:10.37260/repe.v8n16.4,"Inteligencia artificial y Ciencias Sociales en secundaria, y su relevancia en el sistema educativo boliviano",0.047666
BERTopic-METADATA-MULTILINGUAL,metadata,3,6,doi:10.1155/2020/6613896,Dynamic Knowledge Inference Based on Bayesian Network Learning,0.050303
BERTopic-METADATA-MULTILINGUAL,metadata,3,7,doi:10.61728/ae24001212,Prólogo,0.05245
BERTopic-METADATA-MULTILINGUAL,metadata,3,8,doi:10.37811/cl_rcm.v8i5.13723,Los Retos de la Inteligencia Artificial (IA) en la Educación de México,0.058399
BERTopic-METADATA-MULTILINGUAL,metadata,3,9,doi:10.20453/spirat.v3ine1.5525,Repensar la educación en la era de la IA: desafíos y oportunidades para la enseñanza y el aprendizaje,0.059348
BERTopic-METADATA-MULTILINGUAL,metadata,3,10,doi:10.55813/gaea/ccri/v5/n2/538,Aplicación de la gestión educativa con inteligencia artificial en la enseñanza en educación superior y las ciencias sociales,0.060793
BERTopic-METADATA-MULTILINGUAL,metadata,4,1,doi:10.22460/empowerment.v9i2p190-195.1673,ISLAMIC BOARDING SCHOOL MANAGEMENT IN IMPROVING STUDENT QUALITY (Case Study in the Boarding School of Tahfidzul Qur'an Mifahul Huda Karawang ),0.05703
BERTopic-METADATA-MULTILINGUAL,metadata,4,2,doi:10.14421/jpi.2019.82.239-258,Revitalization of Islamic Boarding School Management to Foster the Spirit of Islamic Moderation in Indonesia,0.057984
BERTopic-METADATA-MULTILINGUAL,metadata,4,3,doi:10.31538/ndh.v7i1.2237,Strategic Management of Islamic Boarding School In Building Student Character,0.06028
BERTopic-METADATA-MULTILINGUAL,metadata,4,4,doi:10.21009/jisae.071.04,REALIZING THE PURPOSE OF ISLAMIC EDUCATION THROUGH BOARDING SCHOOL MANAGEMENT,0.061847
BERTopic-METADATA-MULTILINGUAL,metadata,4,5,doi:10.18844/cjes.v16i5.6331,"Implementation of community-based education management: A case study of Islamic boarding schools in Bengkulu City, Indonesia",0.062992
BERTopic-METADATA-MULTILINGUAL,metadata,4,6,doi:10.14421/jpai.v21i1.8632,Transformation of Boarding School Management Models in Enhancing Student Accessibility and Educational Quality,0.064464
BERTopic-METADATA-MULTILINGUAL,metadata,4,7,doi:10.54298/ijith.v2i2.130,Islamic Boarding School Management System In Increasing The Competitiveness Of Islamic Boarding Schools In Jambi Province,0.065822
BERTopic-METADATA-MULTILINGUAL,metadata,4,8,doi:10.51574/ijrer.v3i1.1340,The Embodiment of Islamic Boarding School-Based School Management in Improving The Quality of Graduates,0.066434
BERTopic-METADATA-MULTILINGUAL,metadata,4,9,doi:10.14689/ejer.2021.96.4,Investigating The Role of Religious Leadership at Indonesia’s Islamic Boarding Schools in The Sustainability of School Management,0.067028
BERTopic-METADATA-MULTILINGUAL,metadata,4,10,doi:10.15548/jt.v28i2.666,The Adiwiyata Islamic Boarding School Management (A Study of Participatory Leadership Style),0.069593
BERTopic-METADATA-MULTILINGUAL,metadata,5,1,doi:10.54097/fbem.v3i3.298,Influencing Factors and Intervention Strategies of Teachers' Work Engagement in Primary and Secondary Schools,0.064195
BERTopic-METADATA-MULTILINGUAL,metadata,5,2,doi:10.55942/jebl.v5i4.855,"Teacher competence, school management, and organizational culture as joint drivers of teacher productivity: Evidence from SMA Negeri 66 Jakarta",0.121164
BERTopic-METADATA-MULTILINGUAL,metadata,5,3,doi:10.31538/adrg.v5i1.1824,"Optimizing School Management: The Role of Managerial Skills, Organizational Climate, and Work Motivation",0.129294
BERTopic-METADATA-MULTILINGUAL,metadata,5,4,doi:10.51276/edu.v4i2.380,The Effect of Direct Compensation and Work Motivation on Teacher Productivity at Private Senior High School in Jakarta,0.14013
BERTopic-METADATA-MULTILINGUAL,metadata,5,5,doi:10.30543/10-2(2021)-4,Role of the School Management for the Improvement of Teachers Satisfaction during the Conduction of Performance Appraisal System,0.170044
BERTopic-METADATA-MULTILINGUAL,metadata,5,6,doi:10.24297/jssr.v15i.8604,THE SUPPORTIVE ROLE OF SCHOOL MANAGEMENT ON THE WORK SATISFACTION OF MALE TEACHERS IN A SOUTH AFRICAN SCHOOL DISTRICT,0.176762
BERTopic-METADATA-MULTILINGUAL,metadata,5,7,doi:10.12928/ijemi.v3i3.6056,"School Management Effectiveness: The Analysis Of Organizational Culture, Leadership Style, Work Environment, And Satisfaction",0.192427
BERTopic-METADATA-MULTILINGUAL,metadata,5,8,doi:10.46827/ejes.v12i5.5937,PRINCIPALS’ SCHOOL MANAGEMENT STYLES AND MOTIVATIONS OF TEACHERS TOWARD SCHOOL PERFORMANCE,0.199982
BERTopic-METADATA-MULTILINGUAL,metadata,5,9,doi:10.23918/ijsses.v9i4p24,Impact of School Management Teams on Educator Job Satisfaction,0.20369
BERTopic-METADATA-MULTILINGUAL,metadata,5,10,doi:10.1080/02680939.2023.2189753,Inequitable teacher turnover and performance-based appraisal: a global trend?,0.225042
BERTopic-METADATA-MULTILINGUAL,metadata,6,1,doi:10.48102/rlee.2022.52.3.518,Gestión educativa y colectivos escolares durante la pandemia de la Covid-19,0.036421
BERTopic-METADATA-MULTILINGUAL,metadata,6,2,doi:10.22230/ijepl.2021v17n10a1139,The Need of the Virtual Principal Amid the Pandemic,0.039869
BERTopic-METADATA-MULTILINGUAL,metadata,6,3,doi:10.29086/2519-5476/2021/v28n1a13,The Perceptions and Experiences of School Management Teams and Teachers regarding Continuing Professional Development of Teachers in Digital Literacy amidst the COVID-19 Pandemic,0.041913
BERTopic-METADATA-MULTILINGUAL,metadata,6,4,doi:10.1016/j.tate.2022.103815,Providing emergency remote teaching: What are teachers’ needs and what could have helped them to deal with the impact of the COVID-19 pandemic?,0.04367
BERTopic-METADATA-MULTILINGUAL,metadata,6,5,doi:10.3389/feduc.2022.958908,Supporting a statewide policy consideration: Virtual advancing educational leadership training during COVID-19,0.046888
BERTopic-METADATA-MULTILINGUAL,metadata,6,6,record:da6aa91f299ea15764bced3c,Estrés en profesores argentinos de educación secundaria durante la pandemia por Covid-19,0.048813
BERTopic-METADATA-MULTILINGUAL,metadata,6,7,doi:10.4018/978-1-7998-7168-2.ch010,School Management Teams' Strategies to Enhance Curriculum Delivery in the Era of the COVID-19 Pandemic,0.051996
BERTopic-METADATA-MULTILINGUAL,metadata,6,8,record:6e67ec1a91ab817a610813c5,School Leadership as (Un)usual : Insights from Principals in Sweden during a Pandemic,0.052812
BERTopic-METADATA-MULTILINGUAL,metadata,6,9,doi:10.1177/14782103221135620,K-12 school leadership perspectives from the COVID-19 pandemic,0.056025
BERTopic-METADATA-MULTILINGUAL,metadata,6,10,doi:10.1177/08920206211037738,Leading schools through the COVID-19 crisis in a South-East Asian country,0.057058
BERTopic-METADATA-MULTILINGUAL,metadata,7,1,doi:10.22201/iisue.24486167e.2020.168.59153,"Posibilidades, limitaciones y demandas de los centros educativos del medio rural en el norte y sur de España contemplados desde la dirección escolar",0.102142
BERTopic-METADATA-MULTILINGUAL,metadata,7,2,doi:10.33996/revistahorizontes.v6i23.342,La utopía de la escuela rural en Lambayeque desde la Chakana pregunta y la covid-19,0.128899
BERTopic-METADATA-MULTILINGUAL,metadata,7,3,doi:10.23857/pc.v5i9.1746,Gestión escolar y calidad educativa en el contexto rural. Un reto en tiempos de COVID-19,0.130064
BERTopic-METADATA-MULTILINGUAL,metadata,7,4,doi:10.14507/epaa.30.6660,Políticas implementadas en escuelas rurales: Análisis bibliométrico internacional (2001-2020),0.142234
BERTopic-METADATA-MULTILINGUAL,metadata,7,5,record:04832233edd96abdbd6ad792,"Proyecto de dirección para un centro educativo de educación primaria en Santa Cruz la Laguna, Sololá, Guatemala",0.155935
BERTopic-METADATA-MULTILINGUAL,metadata,7,6,doi:10.56219/dialctica.v1i25.3894,RECONOCIMIENTO Y RESPALDO A LAS COMUNIDADES RURALES EN LA GESTIÓN EDUCATIVA: UN IMPERATIVO PARA LAS POLÍTICAS EDUCATIVAS CONTEMPORÁNEAS,0.169065
BERTopic-METADATA-MULTILINGUAL,metadata,7,7,doi:10.19136/pd.a30n71.3341,La gestión educativa para incorporar TIC en bachilleratos rurales indígenas de Oaxaca,0.170052
BERTopic-METADATA-MULTILINGUAL,metadata,7,8,doi:10.26620/uniminuto.praxis.25.39.2025.109-127,La función directiva en la escuela rural. Una mirada desde el Estado de Chiapas,0.18093
BERTopic-METADATA-MULTILINGUAL,metadata,7,9,doi:10.31637/epsir-2024-1412,Traslados escolares y aspiraciones de jóvenes en territorios rurales mexicanos,0.184984
BERTopic-METADATA-MULTILINGUAL,metadata,7,10,doi:10.24054/cie.v2i19.3248,La Educación para la Convivencia Armónica en la Escuela Ecuatoriana,0.189268
BERTopic-METADATA-MULTILINGUAL,metadata,8,1,doi:10.14507/epaa.28.4147,Políticas y prácticas en la formación de directivos escolares en Argentina. Tensiones discursivas y experienciales,0.134159
BERTopic-METADATA-MULTILINGUAL,metadata,8,2,record:8baa513c56c7ac3f24e24690,"La construcción de identidades político-profesionales en la Dirección General de Cultura y Educación de la Provincia de Buenos Aires: Perfiles, trayectorias y discursos de la gestión educativa de la Alianza Cambiemos",0.142022
BERTopic-METADATA-MULTILINGUAL,metadata,8,3,record:16d9b3efa12617033eb66a17,Tendencias nacionales y subnacionales en la reforma del gobierno escolar: Argentina y Brasil 1990-2010,0.145923
BERTopic-METADATA-MULTILINGUAL,metadata,8,4,record:1606c867ead29fb366a9dc47,"Filantropía empresarial, Estado y formación de directivos de escuelas secundarias en Argentina: Estudio de caso sobre la Fundación Córdoba Mejora",0.154503
BERTopic-METADATA-MULTILINGUAL,metadata,8,5,doi:10.22529/dp.2021.19(38)11,La dirección escolar en la normativa vigente de la provincia de Córdoba,0.165382
BERTopic-METADATA-MULTILINGUAL,metadata,8,6,record:88ae1ebeb6101c043b538517,Participación y gestión escolar en Argentina y Brasil: Una comparación de políticas subnacionales,0.168396
BERTopic-METADATA-MULTILINGUAL,metadata,8,7,doi:10.32541/recie.2020.v4i1.pp20-33,Régimen Académico y Educación Secundaria: Procesos de recontextualización y tensiones en la gestión y culturas escolares,0.192978
BERTopic-METADATA-MULTILINGUAL,metadata,8,8,doi:10.30972/riie.16228044,"La gestión educativa de la escuela secundaria: aportes desde la perspectiva de directivos de la provincia de Buenos Aires, entre 2010 y 2020",0.193508
BERTopic-METADATA-MULTILINGUAL,metadata,8,9,doi:10.37177/unicen/eb33-372,Definiciones normativas de las prácticas de dirección escolar en el nivel secundario en la Provincia de Córdoba: los cambios dispuestos en las políticas federales y jurisdiccionales,0.201219
BERTopic-METADATA-MULTILINGUAL,metadata,8,10,record:90ee6c28f86d81f38a0917c9,"El trabajo de dirigir: apuntes conceptuales sobre la dirección escolar en Argentina, 2001- 2020",0.211017
BERTopic-METADATA-MULTILINGUAL,metadata,9,1,doi:10.31619/caledu.n56.1189,Un liderazgo de doble filo: directoras en establecimientos de educación inicial,0.088922
BERTopic-METADATA-MULTILINGUAL,metadata,9,2,doi:10.1007/s41463-024-00181-z,The Development of a New Model of Educational Leadership: Leadership for Teacher Flourishing,0.10568
BERTopic-METADATA-MULTILINGUAL,metadata,9,3,doi:10.17583/ijelm.9597,La autopercepción del liderazgo docente,0.11803
BERTopic-METADATA-MULTILINGUAL,metadata,9,4,doi:10.35723/ajie.v7i2.402,Optimizing Educational Leadership: Building Sustainable Education in the 5.0 Era,0.128464
BERTopic-METADATA-MULTILINGUAL,metadata,9,5,doi:10.2478/atd-2020-0022,"Differences and Similarities between Coaching, Instructional and Educational Leadership Styles",0.13024
BERTopic-METADATA-MULTILINGUAL,metadata,9,6,record:f02e47a2d8edffa9f995309f,What might educational leadership mean in 21st century,0.132421
BERTopic-METADATA-MULTILINGUAL,metadata,9,7,doi:10.6007/ijarbss/v11-i2/9188,“Followership” - The Missing Puzzle in Educational Leadership Research,0.13245
BERTopic-METADATA-MULTILINGUAL,metadata,9,8,doi:10.4018/978-1-7998-7760-8.ch009,Educational Leadership,0.144205
BERTopic-METADATA-MULTILINGUAL,metadata,9,9,doi:10.7275/11192304,Educational leadership : a field test of Hersey and Blanchard's situational leadership theory.,0.144845
BERTopic-METADATA-MULTILINGUAL,metadata,9,10,record:04d342f6dff2139304c952c6,'Leading beautifully': A phoenix arises in new research in educational leadership,0.144883
BERTopic-METADATA-MULTILINGUAL,metadata,10,1,doi:10.18861/cied.2025.16.2.4137,Liderazgo directivo y género en el sistema escolar,0.015172
BERTopic-METADATA-MULTILINGUAL,metadata,10,2,doi:10.1177/08920206211021845,Navigating gender stereotypes as educational leaders: An ecological approach,0.027302
BERTopic-METADATA-MULTILINGUAL,metadata,10,3,doi:10.1108/gm-07-2024-0395,Gender stereotypes of feminine and masculine school management and leadership: examination of traits and behaviours,0.040064
BERTopic-METADATA-MULTILINGUAL,metadata,10,4,doi:10.15388/actpaed.45.7,Women in Lithuanian School Management: An Ethnographic Perspective,0.04041
BERTopic-METADATA-MULTILINGUAL,metadata,10,5,record:5a879ea9600bfda9bcb7bc05,La construcción de liderazgo de directoras escolares: las múltiples identidades desde el género,0.042536
BERTopic-METADATA-MULTILINGUAL,metadata,10,6,doi:10.1016/j.jebo.2024.04.010,Female representation in school management and school quality,0.06128
BERTopic-METADATA-MULTILINGUAL,metadata,10,7,doi:10.1108/jea-01-2025-0004,"Navigating the glass ceiling, gender equity and overcoming barriers in rural PK-12 educational leadership",0.061585
BERTopic-METADATA-MULTILINGUAL,metadata,10,8,doi:10.35537/10915/164447,"Entre techos de cristal y contradicciones en la gestión educativa democrática: un estudio sobre la feminización de la educación y la ocupación de los espacios de conducción en las escuelas (Taguatinga, Distrito Federal, Brasil, 2016-2020)",0.062425
BERTopic-METADATA-MULTILINGUAL,metadata,10,9,doi:10.14527/kuey.2020.004,Being a Woman School Principal in Turkey,0.062747
BERTopic-METADATA-MULTILINGUAL,metadata,10,10,doi:10.1177/17411432221142150,"Systematic review of research on women and educational leadership in Mainland China, Hong Kong and Taiwan",0.062748
BERTopic-METADATA-MULTILINGUAL,metadata,11,1,doi:10.47191/ijmra/v6-i4-46,The Role of Educational Leadership and Practices to School System and Discipline,0.089138
BERTopic-METADATA-MULTILINGUAL,metadata,11,2,doi:10.3126/ed.v30i1.49524,Role of Head Teacher in School Management: A Case of High School in China,0.097664
BERTopic-METADATA-MULTILINGUAL,metadata,11,3,doi:10.11591/edulearn.v19i3.22012,Crucial leadership competencies of school heads in effective school management: a comprehensive systematic review,0.102172
BERTopic-METADATA-MULTILINGUAL,metadata,11,4,doi:10.3390/educsci14070783,Principal Attitudes towards Out-of-Field Teaching Assignments and Professional Learning Needs,0.102585
BERTopic-METADATA-MULTILINGUAL,metadata,11,5,doi:10.20428/ajqahe.v17i60.2217,The reality of school principals’ practice of educational leadership styles in Aqaba Governorate and their relationship to solving school problems from the teachers’ point of view,0.104382
BERTopic-METADATA-MULTILINGUAL,metadata,11,6,doi:10.5281/zenodo.7552441,Effective educational leadership and school management: The importance of strong leadership and managerial skills,0.12504
BERTopic-METADATA-MULTILINGUAL,metadata,11,7,doi:10.69481/styl09032024,School Heads’ Decision – Making Styles And Educational Leadership: Their Influence On School Culture,0.138832
BERTopic-METADATA-MULTILINGUAL,metadata,11,8,doi:10.52547/jspnay.3.3.348,Designing a model to evaluate the effectiveness of educational and educational leadership models among principals,0.142558
BERTopic-METADATA-MULTILINGUAL,metadata,11,9,doi:10.15575/al-aulad.v3i2.6686,Peran dan Fungsi Kepala Sekolah dalam Mewujudkan Sekolah Efektif di Lingkungan Sekolah Dasar,0.146085
BERTopic-METADATA-MULTILINGUAL,metadata,11,10,doi:10.37481/jmeb.v1i2.220,THE EFFECT OF LEADERSHIP ON PERFORMANCE: Analysis of School Management Ability and Attitude,0.149499
BERTopic-METADATA-MULTILINGUAL,metadata,12,1,doi:10.9734/ajess/2025/v51i82321,"Perceived Usefulness and Teachers’ Willingness to Integrate Technology in School Management: Evidence from the Nyohini Educational Circuit, Tamale Metropolis, Ghana",0.049026
BERTopic-METADATA-MULTILINGUAL,metadata,12,2,doi:10.1080/2331186x.2024.2364544,Analyzing the challenges basic school teachers face in integrating Information and Communication Technology into teaching and learning activities in a developing country,0.078459
BERTopic-METADATA-MULTILINGUAL,metadata,12,3,doi:10.48204/3072-9653.6875,Tipos de usos de las TIC por parte de los docentes en sus prácticas pedagógicas,0.089485
BERTopic-METADATA-MULTILINGUAL,metadata,12,4,doi:10.61616/rvdc.v6i1.482,La Práctica Docente en la Enseñanza de la Aritmética con el Uso de las TIC,0.095873
BERTopic-METADATA-MULTILINGUAL,metadata,12,5,doi:10.46498/reduipb.v26i2.1714,La Tecnología de la Información y la Comunicación en el Desarrollo de la Gestión Educativa,0.098173
BERTopic-METADATA-MULTILINGUAL,metadata,12,6,doi:10.3390/su13084106,The Current Challenges of Further Education in ICT with the Example of the Czech Republic,0.103157
BERTopic-METADATA-MULTILINGUAL,metadata,12,7,doi:10.34893/gisst.v2i2.77,TECNOLOGÍAS DE INFORMACIÓN Y COMUNICACIÓN (TIC) COMO RECURSO ALTERNATIVO EN EDUCACIÓN SECUNDARIA A DISTANCIA,0.105771
BERTopic-METADATA-MULTILINGUAL,metadata,12,8,doi:10.15388/infedu.2020.20,Visual Analysis of Contact Patterns in School Environments,0.108436
BERTopic-METADATA-MULTILINGUAL,metadata,12,9,doi:10.17227/rce.num91-16727,Variables influyentes en la percepción y predisposición al uso de TIC. Estudio exploratorio,0.117154
BERTopic-METADATA-MULTILINGUAL,metadata,12,10,doi:10.1109/ictai53825.2021.9673408,"The Utilization of Information and Communication Technology in School Management, in Relation to the Characteristics of Principals",0.121114
BERTopic-METADATA-MULTILINGUAL,metadata,13,1,doi:10.30828/real.1485901,School Management Activities in a Digital Age: An International Comparison Based on ICILS 2018,0.048973
BERTopic-METADATA-MULTILINGUAL,metadata,13,2,doi:10.59659/impulso.v.5i9.94,Transformación digital y competencias gerenciales en la educación universitaria,0.060836
BERTopic-METADATA-MULTILINGUAL,metadata,13,3,doi:10.37811/cl_rcm.v9i4.19283,La Transformación Digital de la Gestión Educativa: Desafíos y Oportunidades para una Administración Escolar Eficiente,0.067237
BERTopic-METADATA-MULTILINGUAL,metadata,13,4,record:71454db755c790c65ad0091b,Implementación y uso de herramientas digitales en la gestión directiva de los directores del Área 02-40 Nueva Germania,0.072771
BERTopic-METADATA-MULTILINGUAL,metadata,13,5,doi:10.5281/zenodo.20435119,Procesos de gestión escolar en entornos virtuales orientados al uso de espacios digitales,0.078623
BERTopic-METADATA-MULTILINGUAL,metadata,13,6,doi:10.5539/ies.v16n3p80,Scenarios of Secondary School Management During the Digital Era in the Next Decade (2022-2031),0.083644
BERTopic-METADATA-MULTILINGUAL,metadata,13,7,doi:10.71282/at-taklim.v2i1.36,The Concept of Principal's Technology Competency in School Management Effectiveness,0.086796
BERTopic-METADATA-MULTILINGUAL,metadata,13,8,doi:10.25073/2588-1159/vnuer.4835,Primary School Management and Culture in Digital Transformation,0.090892
BERTopic-METADATA-MULTILINGUAL,metadata,13,9,doi:10.4018/979-8-3693-6880-0.ch018,Talent Management Ensuring the Safety and Cybersecurity in Schools,0.093123
BERTopic-METADATA-MULTILINGUAL,metadata,13,10,doi:10.26877/mpp.v16i1.12148,Transformasi Digital Manajemen Pendidikan,0.094074
BERTopic-METADATA-MULTILINGUAL,metadata,14,1,doi:10.33996/revistahorizontes.v9i38.1045,Gestión de la convivencia escolar: Una revisión sistemática,0.066728
BERTopic-METADATA-MULTILINGUAL,metadata,14,2,doi:10.5281/zenodo.17172475,El ciberbullying entre adolescentes factores de riesgo y estrategias de intervención en las escuelas urbanas,0.068943
BERTopic-METADATA-MULTILINGUAL,metadata,14,3,doi:10.4102/sajpsychiatry.v26i0.1428,"Prevalence and perception of drug use amongst secondary school students in two local government areas of Lagos State, Nigeria",0.073271
BERTopic-METADATA-MULTILINGUAL,metadata,14,4,doi:10.69639/arandu.v13i2.2254,Estrategias de gestión escolar para la prevención del consumo de sustancias psicoactivas en estudiantes de la Educación Media,0.074394
BERTopic-METADATA-MULTILINGUAL,metadata,14,5,doi:10.59427/rcli/2024/v24cs.1167-1172,Manejo del conflicto en la gestión escolar: Una revisión sistemática,0.078714
BERTopic-METADATA-MULTILINGUAL,metadata,14,6,doi:10.1016/j.jcmr.2024.100019,"Children’s safe routes to school: Real and perceived risks, and evidence of an incapacity-incapability space",0.08425
BERTopic-METADATA-MULTILINGUAL,metadata,14,7,doi:10.60027/ijsasr.2025.7273,School Management Strategies in Preventing School Bullying,0.102892
BERTopic-METADATA-MULTILINGUAL,metadata,14,8,doi:10.56712/latam.v6i6.4943,Gestión de conflictos escolares para favorecer el desempeño académico y la convivencia entre estudiantes de noveno grado,0.106117
BERTopic-METADATA-MULTILINGUAL,metadata,14,9,doi:10.29394/scientific.issn.2542-2987.2025.10.e1.3.69-91,Acompañamiento Socioemocional como Apoyo a la Gestión Escolar Frente a Entornos de Violencia,0.114755
BERTopic-METADATA-MULTILINGUAL,metadata,14,10,record:ae531aec10932f6fe06c7196,A VIOLÊNCIA ESCOLAR E O IMPACTO NA SAÚDE MENTAL DOS PROFESSORES DO 9 o ANO DA ESCOLA CEM JOSÉ JUSTINO PEREIRA – SÃO LUÍS – MARANHÃO,0.117382
BERTopic-METADATA-MULTILINGUAL,metadata,15,1,doi:10.1016/j.heliyon.2024.e34892,The contribution of quality management practices to student performance: Mediated by school culture,0.068114
BERTopic-METADATA-MULTILINGUAL,metadata,15,2,doi:10.23960/jpp.v14.i2.202487,School Management Model Based on Community Participation HARMONY Approach to Improving School Quality,0.107027
BERTopic-METADATA-MULTILINGUAL,metadata,15,3,doi:10.61186/ijes.5.4.170,Validating of Applied Model for the Implementation of the School Management Excellence Program,0.113877
BERTopic-METADATA-MULTILINGUAL,metadata,15,4,doi:10.55606/sokoguru.v1i3.60,SCHOOL MANAGEMENT STRATEGIES IN IMPROVING THE QUALITY OF EDUCATION WITH LEADING PROGRAMS BASED ON ISLAMIC BOARDING SCHOOLS,0.144153
BERTopic-METADATA-MULTILINGUAL,metadata,15,5,doi:10.22178/pos.88-9,Exploration of School Management Model in Applying Quality Education,0.173568
BERTopic-METADATA-MULTILINGUAL,metadata,15,6,doi:10.17576/ebangi.2023.2002.18,EFFECTS OF THE ATTRIBUTES OF SCHOOL MANAGEMENT TEAMS ON THE MANAGEMENT OF QUALITY EDUCATION: TOWARDS SCHOOL EFFECTIVENESS,0.17486
BERTopic-METADATA-MULTILINGUAL,metadata,15,7,doi:10.56238/uniknowindevolp-127,The use of the PDCA cycle and the 5W2H tool as quality control tools by school management,0.17577
BERTopic-METADATA-MULTILINGUAL,metadata,15,8,doi:10.26740/jdmp.v5n1.p10-21,Implementasi Manajemen Mutu di SDN Prambon,0.177325
BERTopic-METADATA-MULTILINGUAL,metadata,15,9,doi:10.11591/ijere.v10i1.20953,The improving of effectiveness school-based enterprise: A structural equation modeling in vocational school management,0.189052
BERTopic-METADATA-MULTILINGUAL,metadata,15,10,doi:10.11594/jk6em.04.02.06,Implementation of Total Quality Management in School Management: Cross Site Study at SMK Negeri 2 Banjarmasin and SMK Negeri 4 Banjarmasin,0.194469
BERTopic-METADATA-MULTILINGUAL,metadata,16,1,record:474645e01d2252b01904471a,Democracy and education: concepts of participation in school management,0.014129
BERTopic-METADATA-MULTILINGUAL,metadata,16,2,doi:10.22633/rpge.v24i2.13609,A eleição direta de diretor escolar: desafios na gestão democrática no município de Medicilândia – Pará,0.014793
BERTopic-METADATA-MULTILINGUAL,metadata,16,3,doi:10.52038/9783643511324_18,Democratic Participation in School Management,0.022348
BERTopic-METADATA-MULTILINGUAL,metadata,16,4,doi:10.18764/2178-2229.v27n4p315-336,GESTÃO DEMOCRÁTICA: uma reflexão a partir da percepção dos gestores escolares,0.024411
BERTopic-METADATA-MULTILINGUAL,metadata,16,5,doi:10.18764/2358-4319.v14n1p15-38,A gestão escolar democrática na perspectiva freireana,0.025565
BERTopic-METADATA-MULTILINGUAL,metadata,16,6,doi:10.5281/zenodo.6789683,Prácticas pedagógicas para el fomento de la cultura democrática al interior de las instituciones educativas,0.040014
BERTopic-METADATA-MULTILINGUAL,metadata,16,7,doi:10.18764/2178-2229v28n3.202153,GESTÃO ESCOLAR E A DEMOCRACIA: CONCEPÇÕES E PRÁTICAS DA EQUIPE ESCOLAR DO ENSINO FUNDAMENTAL I,0.043025
BERTopic-METADATA-MULTILINGUAL,metadata,16,8,doi:10.20873/uft.rbec.e15376,Gestão democrática: experiências de práticas de gestores em escolas de educação básica,0.048933
BERTopic-METADATA-MULTILINGUAL,metadata,16,9,doi:10.1177/0013161x20981148,Images of Educational Leadership: How Principals Make Sense of Democracy and Social Justice in Two Distinct Policy Contexts,0.059746
BERTopic-METADATA-MULTILINGUAL,metadata,16,10,doi:10.34117/bjdv7n1-246,GESTÃO ESCOLAR DEMOCRÁTICA: DESAFIOS E PERSPECTIVAS / DEMOCRATIC SCHOOL MANAGEMENT: CHALLENGES AND PERSPECTIVES,0.064324
BERTopic-METADATA-MULTILINGUAL,metadata,17,1,doi:10.24054/face.v23i1.2450,"La gestión escolar en la promoción de actitudes de los estudiantes de secundaria sobre la sostenibilidad del agua. el Paujil Caquetá, Amazonia Colombiana",0.059943
BERTopic-METADATA-MULTILINGUAL,metadata,17,2,record:935c865eff02c3b756d9e431,"Gestión educativa y ambiental en el desarrollo sostenible de una UGEL de Lima, 2024",0.065572
BERTopic-METADATA-MULTILINGUAL,metadata,17,3,record:c632dc4a8a55ad5c823d0ed7,"Factores que favorecen o limitan la aplicación transversal del enfoque ambiental en el marco de la Política Nacional de Educación Ambiental: Estudio de caso: I.E. 88104 María Parado de Bellido en el departamento de Ancash entre los años 2021 y 2023,",0.072166
BERTopic-METADATA-MULTILINGUAL,metadata,17,4,record:a744a4518fdabb939a40d301,"Gestión escolar para fortalecer la cultura ambiental de una institución educativa de secundaria, Trujillo-2023",0.074884
BERTopic-METADATA-MULTILINGUAL,metadata,17,5,doi:10.46377/dilemas.v10i3.3667,Implementación de políticas ambientales en la gestión escolar peruana.,0.075649
BERTopic-METADATA-MULTILINGUAL,metadata,17,6,doi:10.47606/acven/ph0132,DESARROLLO SOSTENIBLE Y GESTIÓN EDUCATIVA ACCIONES INTEGRADAS PARA EL MANEJO MEDIO AMBIENTALES EN LA UNIDAD EDUCATIVA “JOSÉ DOMINGO FERAUD GUZMÁN”,0.07816
BERTopic-METADATA-MULTILINGUAL,metadata,17,7,doi:10.1136/bmjopen-2022-061978,Built Environments And Child Health in WalEs and AuStralia (BEACHES): a study protocol,0.081516
BERTopic-METADATA-MULTILINGUAL,metadata,17,8,doi:10.47069/estudios-ambientales.v9i2.1291,"Educación para el desarrollo sostenible ¿Cuánto saben los jóvenes sobre temas ambientales? Estudio de caso en Lujan, Argentina",0.081588
BERTopic-METADATA-MULTILINGUAL,metadata,17,9,doi:10.52223/jess.2024.5236,Eco-Friendly Practices in School Management: A Case Study of Sustainability in Pakistani Elementary Schools,0.085711
BERTopic-METADATA-MULTILINGUAL,metadata,17,10,doi:10.31838/jcr.07.06.46,REFLECTION ON ENVIRONMENTAL AWARENESS FOR SCHOOL MANAGEMENT,0.085913
BERTopic-METADATA-MULTILINGUAL,metadata,18,1,doi:10.4324/9780429487224,Anti-Racist Educational Leadership and Policy,0.035643
BERTopic-METADATA-MULTILINGUAL,metadata,18,2,doi:10.1080/02680939.2020.1847412,Anti-Racist Educational Leadership and Policy: Addressing Racism in Public Education,0.045037
BERTopic-METADATA-MULTILINGUAL,metadata,18,3,doi:10.1177/1052684621993047,Disrupting Dysconsciousness: Confronting Anti-Blackness in Educational Leadership Preparation Programs,0.045636
BERTopic-METADATA-MULTILINGUAL,metadata,18,4,doi:10.1177/1741143220973670,Colour-blind educational leadership policy: A critical race theory analysis of school principalship standards in South Africa,0.055096
BERTopic-METADATA-MULTILINGUAL,metadata,18,5,doi:10.1080/09518398.2023.2233919,Ignited fire: learning from black youth activists to cultivate justice-driven educational leadership,0.060382
BERTopic-METADATA-MULTILINGUAL,metadata,18,6,doi:10.33043/josep.2.3.20-30,Racial and Dis/Ability Equity-Oriented Educational Leadership Preparation,0.060442
BERTopic-METADATA-MULTILINGUAL,metadata,18,7,doi:10.1080/10665684.2023.2200207,"On Being Ed Emcees: Toward Hip-Hop Educational Leadership Theory, Research, and Praxis",0.061973
BERTopic-METADATA-MULTILINGUAL,metadata,18,8,doi:10.1177/0013161x20925892,“We Don’t Got Time for Grumbling”: Toward an Ethic of Radical Care in Urban School Leadership,0.062055
BERTopic-METADATA-MULTILINGUAL,metadata,18,9,doi:10.1007/978-3-030-39666-4_110-1,Racial Inequality in K-12 Schools and Implications for Educational Leadership,0.064982
BERTopic-METADATA-MULTILINGUAL,metadata,18,10,doi:10.4324/9781003029960,Black Educational Leadership,0.093392
BERTopic-METADATA-MULTILINGUAL,metadata,19,1,doi:10.17509/dedicated.v1i2.65929,Digital database training to support school management,0.015645
BERTopic-METADATA-MULTILINGUAL,metadata,19,2,doi:10.62711/ijite.v2i4.161,Implementation of School Management Information Systems at Vocational School State I Tomohon,0.033701
BERTopic-METADATA-MULTILINGUAL,metadata,19,3,doi:10.55041/ijsrem17618,Review on School Management System,0.039528
BERTopic-METADATA-MULTILINGUAL,metadata,19,4,doi:10.20428/jst.v30i11.3194,A Secure Web-Based School Management System Using Role-Based Access: Case Study from Nigeria,0.046308
BERTopic-METADATA-MULTILINGUAL,metadata,19,5,doi:10.18178/ijiet.2020.10.9.1446,Integration of School Management Systems Using a Centralized Database (ISMSCD),0.048049
BERTopic-METADATA-MULTILINGUAL,metadata,19,6,doi:10.54254/2755-2721/2025.18759,Design and Implementation of a Multimodal Data Collection and Distribution System Based on Python-Taking School Management System as an Example,0.05084
BERTopic-METADATA-MULTILINGUAL,metadata,19,7,doi:10.18178/ijiet.2020.10.6.1406,Building a Framework for the Integration of School Management Systems (BFISMS),0.054918
BERTopic-METADATA-MULTILINGUAL,metadata,19,8,doi:10.22541/au.172254873.34023165/v1,School management system project report,0.063828
BERTopic-METADATA-MULTILINGUAL,metadata,19,9,doi:10.23919/ist-africa56635.2022.9845593,School Management Information System (SMIS) for the Elite College,0.065784
BERTopic-METADATA-MULTILINGUAL,metadata,19,10,doi:10.5281/zenodo.7800582,School Management System,0.067987
BERTopic-METADATA-MULTILINGUAL,metadata,20,1,doi:10.59282/reincisol.v4(7)2014-2036,Estrategias de gestión educativa y su impacto en la calidad de la educación,0.041216
BERTopic-METADATA-MULTILINGUAL,metadata,20,2,doi:10.65705/rhomu.v2i2.49,"Beneficio de la planificación, la gestión institucional y pedagógica, para la calidad educativa",0.048628
BERTopic-METADATA-MULTILINGUAL,metadata,20,3,doi:10.51896/rilco.v8i29.1157,Mejora continua en la gestión educativa: estrategias y herramientas,0.062548
BERTopic-METADATA-MULTILINGUAL,metadata,20,4,record:ccc8f14138e00e77cba64fa8,"Correlational analysis of school management, executive leadership and educational quality based on structural equation modeling. Case study.",0.08363
BERTopic-METADATA-MULTILINGUAL,metadata,20,5,doi:10.1344/reire.47045,Estrategias de gestión educativa basadas en los factores que afectan el rendimiento académico y la calidad de la educación,0.092921
BERTopic-METADATA-MULTILINGUAL,metadata,20,6,doi:10.36097/rsan.v1i39.1135,Plan estratégico de prevención y restauración de valores para la mejora de la calidad educativa,0.094998
BERTopic-METADATA-MULTILINGUAL,metadata,20,7,doi:10.56712/latam.v4i4.1268,La importancia de la gestión educativa para lograr una educación de calidad: una revisión sistemática,0.112684
BERTopic-METADATA-MULTILINGUAL,metadata,20,8,doi:10.21070/icecrs2020390,Classical Learning Analysis Pondok Modern Darussalam Gontor in Improving Superior School Management,0.11865
BERTopic-METADATA-MULTILINGUAL,metadata,20,9,doi:10.53555/kuey.v30i4.1007,Education Is A Key Tool In The Development Of Society And Educational Leadership And Is A Key Element For Effective School And Education,0.15627
BERTopic-METADATA-MULTILINGUAL,metadata,20,10,doi:10.56712/latam.v6i2.3800,Modelos de gestión educativa integral y su efectividad en la promoción de la calidad educativa. Revisión sistemática,0.166354
BERTopic-METADATA-MULTILINGUAL,metadata,21,1,doi:10.23857/pc.v11i1.10997,Auditoría educativa y mejora institucional basada en estándares: investigación mixta en una unidad rural,0.061577
BERTopic-METADATA-MULTILINGUAL,metadata,21,2,doi:10.37811/cl_rcm.v9i6.21533,Estudio comparativo de estándares de calidad educativa del Ministerio de Educación de Ecuador y Perú,0.065403
BERTopic-METADATA-MULTILINGUAL,metadata,21,3,record:b5bc0ce64f0d2b81e24e9062,Calidad educativa en la gestión escolar docente de tres instituciones educativas públicas de Tarma Junín 2024,0.065761
BERTopic-METADATA-MULTILINGUAL,metadata,21,4,record:046d6e6f2d29f8f907b1b8e1,Gestión escolar en la calidad educativa de una institución educativa del distrito de Chincha Baja en la ciudad de Ica,0.069673
BERTopic-METADATA-MULTILINGUAL,metadata,21,5,record:a4621b0e2a0975ff3bb90653,Prácticas de gestión escolar y su impacto en la calidad educativa en una institución educativa pública Chorrillos Lima 2025,0.101674
BERTopic-METADATA-MULTILINGUAL,metadata,21,6,record:719182e0ad320fd9c529afbb,Gestión educativa para una educación de calidad,0.102879
BERTopic-METADATA-MULTILINGUAL,metadata,21,7,doi:10.71016/hnjss/8xsfz709,Enhancing Quality Education: The Role of Parents Teachers School Management Committee in Higher Secondary Schools of Quetta,0.120415
BERTopic-METADATA-MULTILINGUAL,metadata,21,8,doi:10.37811/cl_rcm.v6i6.3958,Gestión escolar y calidad educativa: En las instituciones educativas del nivel primario – Cusco,0.149841
BERTopic-METADATA-MULTILINGUAL,metadata,21,9,record:225ed9ec1267392f26accd4e,"Modelo de gestión por procesos para la calidad en el servicio educativo en una institución educativa de Lambayeque, 2024",0.163585
BERTopic-METADATA-MULTILINGUAL,metadata,21,10,record:af76e3bfcaa033aa8420ce00,"Gestión escolar en la calidad del servicio educativo en una institución pública de Breña, 2023",0.190517
BERTopic-METADATA-MULTILINGUAL,metadata,22,1,doi:10.1080/00220620.2023.2292573,An Islamic-oriented educational leadership model: towards a new theory of school leadership in Muslim societies,0.040381
BERTopic-METADATA-MULTILINGUAL,metadata,22,2,doi:10.24818/rmci.2021.1.74,Educational Leadership and ICT Implementation in Israeli Arab Sector – towards a Model of Hybrid Leadership,0.043081
BERTopic-METADATA-MULTILINGUAL,metadata,22,3,doi:10.4324/9781003360070-10,Educational leadership in a Muslim and secular country,0.056143
BERTopic-METADATA-MULTILINGUAL,metadata,22,4,doi:10.47191/ijsshr/v5-i5-26,"Educational Leadership: Islamic Religious, Philosophy, Psychology, and Sociology Perspectives",0.061577
BERTopic-METADATA-MULTILINGUAL,metadata,22,5,doi:10.1177/1741143220973658,Systematic review of research on educational leadership and management in Muslim societies,0.06315
BERTopic-METADATA-MULTILINGUAL,metadata,22,6,doi:10.4324/9781003360070-12,Islamic educational leadership,0.083628
BERTopic-METADATA-MULTILINGUAL,metadata,22,7,doi:10.4324/9781003334835-11,K-12 Educational Leadership and Administration in Qatar,0.091719
BERTopic-METADATA-MULTILINGUAL,metadata,22,8,doi:10.4324/9781003360070-3,A call to re-explore Islamic-based educational leadership through new lenses,0.101926
BERTopic-METADATA-MULTILINGUAL,metadata,22,9,doi:10.24815/jr.v8i3.48020,Designing Change in Organizations: A Systematic Literature Review of Intuition-Based Transformational Leadership in Islamic School Management,0.118671
BERTopic-METADATA-MULTILINGUAL,metadata,22,10,doi:10.3390/rel15121565,Redefining Leadership: The Role of Spirituality and Motherhood in Muslim Women’s Educational Leadership,0.122765
BERTopic-METADATA-MULTILINGUAL,metadata,23,1,record:31ae656430daaf8c150e0317,"Gestión escolar y desempeño docente en Instituciones Educativas Públicas, Lima - Santa Anita 2024",0.072554
BERTopic-METADATA-MULTILINGUAL,metadata,23,2,record:5979b68fdd06699b9a94e966,"Explorando la autonomía del personal directivo de una institución educativa pública de Los Olivos, 2024",0.095335
BERTopic-METADATA-MULTILINGUAL,metadata,23,3,record:5849746b47d39ced5537454a,"Liderazgo transformacional y gestión educativa en una institución educativa pública UGEL 04, Comas 2025",0.105956
BERTopic-METADATA-MULTILINGUAL,metadata,23,4,record:ae362bc9784a8a1a51a95bf9,"Acompañamiento pedagógico directivo y liderazgo transformacional en los centros de educación básica alternativa del Callao, 2025",0.11025
BERTopic-METADATA-MULTILINGUAL,metadata,23,5,record:c6dd795f745b8bddb0e858fc,"Acompañamiento pedagógico y desempeño docente en la IE 00123 de Segunda Jerusalén en la provincia Rioja, 2024",0.110976
BERTopic-METADATA-MULTILINGUAL,metadata,23,6,record:5c733b555897e88cef2d7ceb,"Gestión escolar y compromiso organizacional en docentes de instituciones educativas públicas, Ventanilla 2024",0.118606
BERTopic-METADATA-MULTILINGUAL,metadata,23,7,record:c45c9471018840e8cc9a1c51,"Liderazgo directivo en el clima institucional en instituciones educativas públicas de Conchán, Cajamarca, 2025",0.122011
BERTopic-METADATA-MULTILINGUAL,metadata,23,8,record:8b9ff4a6546d91fdb2380c2c,"Análisis del proceso enseñanza-aprendizaje en la calidad educativa de niños del nivel inicial de una institución educativa pública, Callao 2025",0.135164
BERTopic-METADATA-MULTILINGUAL,metadata,23,9,record:2f65684693cf5532f91e9090,Compromisos de gestión escolar y logros de aprendizaje en una institución educativa privada Callao 2023,0.141213
BERTopic-METADATA-MULTILINGUAL,metadata,23,10,record:c8030d6b5bda54bd78772b85,"Gestión escolar y toma de decisiones en una institución educativa Callao, 2023",0.148312
BERTopic-METADATA-MULTILINGUAL,metadata,24,1,record:69a560483c4bd884619f59f6,Los desafíos de la gestión directiva en pandemia como claves para pensar la configuración desigual del sistema educativo del nivel secundario en CABA,0.022134
BERTopic-METADATA-MULTILINGUAL,metadata,24,2,doi:10.36367/ntqr.17.2023.e836,SUBJETIVIDADES HEROICAS: TRABAJO DE PSICÓLOGOS ESCOLARES EN TIEMPOS DE PANDEMIA,0.030554
BERTopic-METADATA-MULTILINGUAL,metadata,24,3,doi:10.31906/redpensar.v10i2.224,Una administración educativa que responde a los retos postpandemia desde la ética lasallista,0.030729
BERTopic-METADATA-MULTILINGUAL,metadata,24,4,doi:10.33936/psidial.v1iespecial.5186,"Estrés docente en tiempos de confinamiento: estudio de caso en el cantón Santa Ana de Manabí, Ecuador",0.031315
BERTopic-METADATA-MULTILINGUAL,metadata,24,5,doi:10.56712/latam.v6i1.3436,Impacto en la gestión educativa para atender la diversidad en tiempos de pandemia,0.032322
BERTopic-METADATA-MULTILINGUAL,metadata,24,6,doi:10.35756/educaumch.202322.286,Gestión escolar y sus entrelazamientos: el malestar y la tesitura del bienestar docente para el pospandemia,0.038126
BERTopic-METADATA-MULTILINGUAL,metadata,24,7,doi:10.18800/cige2020.003,"Gestión Educativa en tiempos de pandemia de la región Puno, 2020",0.04918
BERTopic-METADATA-MULTILINGUAL,metadata,24,8,doi:10.33996/revistahorizontes.v9i37.959,Convivencia democrática en las aulas: Desafíos y oportunidades para docentes en la Pospandemia,0.056576
BERTopic-METADATA-MULTILINGUAL,metadata,24,9,doi:10.35381/cm.v8i3.956,Retos y desafíos en la gestión educativa postpandemia,0.066694
BERTopic-METADATA-MULTILINGUAL,metadata,24,10,doi:10.52080/rvgluz.27.7.16,Educación y gestión en tiempos de pospandemia,0.087236
BERTopic-METADATA-MULTILINGUAL,metadata,25,1,doi:10.22161/jhed.4.1.11,The Role of School Management Team in Managing Students’ Academic Performance in Community Secondary Schools in Tabora Municipality- Tanzania,0.024325
BERTopic-METADATA-MULTILINGUAL,metadata,25,2,doi:10.24018/ejedu.2023.4.2.536,Parental Roles in Attending Schools’ management Meetings and Pupils’ Academic Performance in Uganda,0.033757
BERTopic-METADATA-MULTILINGUAL,metadata,25,3,doi:10.37284/eajes.7.4.2338,The Influence of School Management Team on Student’s Academic Performance in Tanzania,0.040548
BERTopic-METADATA-MULTILINGUAL,metadata,25,4,doi:10.53819/81018102t5053,School Management Strategies and Students' Academic Performance in Twelve Years Basic Education in Rwanda,0.042058
BERTopic-METADATA-MULTILINGUAL,metadata,25,5,doi:10.61408/jaet2022v24i01.12,Determinants of School Management Teams Effectiveness in Managing Capitation Grants in Tanzania Community Secondary Schools,0.042983
BERTopic-METADATA-MULTILINGUAL,metadata,25,6,record:ba0a513d15ad8bb73ea8dbf7,"Influence of stakeholders participation in primary school management on academic performance: the case of Uringu division, Meru county, Kenya",0.050711
BERTopic-METADATA-MULTILINGUAL,metadata,25,7,doi:10.38159/ehass.20245113,"Exploring the Strategies used by the School Management Teams (SMTs) in Addressing Poor Academic Performance Post-pandemic in Rural High Schools of Mopani West District, Limpopo Province, South Africa",0.061738
BERTopic-METADATA-MULTILINGUAL,metadata,25,8,doi:10.4314/gjedr.v19i1.6,"Relationship between head teachers’ leadership competencies and effective school management in public primary schools in Narok county, Kenya",0.090879
BERTopic-METADATA-MULTILINGUAL,metadata,25,9,record:124fb0e5a4752dec773fe485,"Effectiveness of Heads of Schools Management of Capitation Grants for Service Delivery in Public Secondary Schools in Hai District, Tanzania",0.096564
BERTopic-METADATA-MULTILINGUAL,metadata,25,10,doi:10.4314/gjedr.v19i1.13,"Relationship between headteachers’ communication competencies and effective school management in public primary schools in Narok county, kenya",0.102747
BERTopic-METADATA-MULTILINGUAL,metadata,26,1,doi:10.34893/rediir.v10i10.428,"III. AVANCES Y RETOS DE LA FUNCIÓN DIRECTIVA DESDE LA IMPLEMENTACIÓN DEL PROGRAMA ESCUELA DE CALIDAD, HASTA LA NUEVA ESCUELA MEXICANA, UNA VISIÓN CRÍTICA DESDE EL ENFOQUE DEL AUTOR",0.169064
BERTopic-METADATA-MULTILINGUAL,metadata,26,2,doi:10.22235/pe.v15i1.2139,Paradojas y realidades en torno a la autonomía de gestión escolar en México,0.171273
BERTopic-METADATA-MULTILINGUAL,metadata,26,3,record:fd2717508a8ac8e20973b271,"Cartografía, una herramienta para interpretar el liderazgo escolar. Estudio de caso Brasil",0.172516
BERTopic-METADATA-MULTILINGUAL,metadata,26,4,doi:10.38178/07183089/1724260513,Voces desde la dirección escolar: tensiones entre liderazgo pedagógico y sobrecarga burocrática en México,0.177675
BERTopic-METADATA-MULTILINGUAL,metadata,26,5,record:fab25d58ab6cd63e64c1f6b3,AUTONOMÍA DE LA GESTIÓN ESCOLAR EN LA EDUCACIÓN BÁSICA EN MÉXICO: IDENTIFICACIÓN DE FACTORES QUE LA OBSTACULIZAN O PERMITEN SU DESARROLLO,0.206517
BERTopic-METADATA-MULTILINGUAL,metadata,26,6,doi:10.33010/ie_rie_rediech.v14i0.1807,Los documentos normativos de gestión escolar durante el confinamiento (2020-2022) en México,0.206816
BERTopic-METADATA-MULTILINGUAL,metadata,26,7,doi:10.23913/ride.v12i24.1117,Desafíos y experiencias de administradores escolares novatos en el sureste de México,0.210407
BERTopic-METADATA-MULTILINGUAL,metadata,26,8,doi:10.61384/r.c.a..v5i1.894,Retos de la Nueva Profesionalidad en la Supervisión Escolar en el contexto de la Nueva Escuela Mexicana,0.213279
BERTopic-METADATA-MULTILINGUAL,metadata,26,9,doi:10.15517/rge.v10i1.56268,"Cartografía, una herramienta para interpretar el liderazgo escolar. Estudio de caso Brasil",0.22792
BERTopic-METADATA-MULTILINGUAL,metadata,26,10,doi:10.56712/latam.v6i5.4761,Liderazgo directivo y gestión escolar en Panamá: un análisis desde la literatura especializada,0.242806
BERTopic-METADATA-MULTILINGUAL,metadata,27,1,doi:10.56712/latam.v5i5.2759,Innovación: Factor Clave en la Gestión Administrativa desde la Praxeología Empresarial Educativa en Panamá,0.069122
BERTopic-METADATA-MULTILINGUAL,metadata,27,2,doi:10.61384/r.c.a..v4i3.463,Estrategias de Innovación en la Gestión Educativa: Caminos hacia la Excelencia Académica,0.089992
BERTopic-METADATA-MULTILINGUAL,metadata,27,3,doi:10.5281/zenodo.17656428,Innovación y transformación: Estrategias de liderazgo emprendedor para potenciar la educación del siglo XXI,0.096092
BERTopic-METADATA-MULTILINGUAL,metadata,27,4,doi:10.52080/rvgluz.31.e15.28,Cultura de innovación en la gestión escolar: estrategias gerenciales para el aprendizaje y la competitividad,0.099571
BERTopic-METADATA-MULTILINGUAL,metadata,27,5,record:a481c2758d1cbdf5dde00cbb,Clasificación de Estrategias de Gestión del Conocimiento para impulsar la innovación educativa en Instituciones de Educación Superior (Classification of Knowledge Management Strategies in order to enhance educational innovation in Higher Education Institutions),0.10989
BERTopic-METADATA-MULTILINGUAL,metadata,27,6,doi:10.1155/2021/2466441,Reform of the Practice Teaching System of Entrepreneurship Education Based on 5G Fog Computing in Colleges and Universities,0.117107
BERTopic-METADATA-MULTILINGUAL,metadata,27,7,doi:10.5281/zenodo.6785484,Clasificación de Estrategias de Gestión del Conocimiento para impulsar la innovación educativa en Instituciones de Educación Superior,0.117892
BERTopic-METADATA-MULTILINGUAL,metadata,27,8,doi:10.61384/r.c.a..v5i1.962,Liderazgo e Innovación Educativa: Estrategias y Políticas para la Transformación en el Siglo XXI,0.118011
BERTopic-METADATA-MULTILINGUAL,metadata,27,9,doi:10.61368/r.s.d.h.v5i3.292,Innovación y Gestión en la Educación: Estrategias para el Siglo XXI,0.132063
BERTopic-METADATA-MULTILINGUAL,metadata,27,10,doi:10.51896/rilcods.v8i76.1144,El papel de la innovación en la mejora de la calidad de la gestión educativa,0.140406
BERTopic-METADATA-MULTILINGUAL,metadata,28,1,doi:10.51247/st.v3i1.59,El director escolar como líder de la comunidad educativa,0.066058
BERTopic-METADATA-MULTILINGUAL,metadata,28,2,record:5f4ba097c47c559915f81dfe,De estudiante a director: realidades que se viven en las escuelas multigrado,0.085347
BERTopic-METADATA-MULTILINGUAL,metadata,28,3,record:67ae6b95f8ff55493c529f77,Posiciones docentes: Interpelaciones sobre la escuela y lo justo,0.121065
BERTopic-METADATA-MULTILINGUAL,metadata,28,4,doi:10.17583/ijelm.2021.6366,Liderazgo y Dirección Escolar para Atender al Alumnado con Necesidades Educativas Especiales,0.128711
BERTopic-METADATA-MULTILINGUAL,metadata,28,5,doi:10.30827/profesorado.v28i1.29599,Liderazgo pedagógico y complejidad de la gestión escolar: un estudio de casos múltiples,0.134601
BERTopic-METADATA-MULTILINGUAL,metadata,28,6,doi:10.18235/0003684,Recomendaciones para consolidar un marco de buenas prácticas para la dirección escolar,0.149456
BERTopic-METADATA-MULTILINGUAL,metadata,28,7,doi:10.70625/bbe7r776,Funciones técnico docente y administrativas del director de multigrado y la repercusión en el desarrollo de competencias del alumno,0.164987
BERTopic-METADATA-MULTILINGUAL,metadata,28,8,doi:10.54751/revistafoco.v18n6-177,MÁS ALLÁ DE LA ADMINISTRACIÓN: LIDERAZGO PEDAGÓGICO EFECTIVO EN CONTEXTOS ESCOLARES REALES,0.178697
BERTopic-METADATA-MULTILINGUAL,metadata,28,9,doi:10.61384/r.c.a..v4i2.229,Sistematización de experiencias de gestión escolar para la profesionalidad de la función directiva en una escuela de educación básica de la CDMX,0.179628
BERTopic-METADATA-MULTILINGUAL,metadata,28,10,doi:10.53673/th.v1i9.60,Liderazgo pedagógico directivo en la educación básica regular: Revisión sistemática,0.221111
BERTopic-METADATA-MULTILINGUAL,metadata,29,1,doi:10.56200/mried.v4i1.11304,El rol del rector en la implementación de prácticas inclusivas para estudiantes con necesidades educativas específicas,0.047135
BERTopic-METADATA-MULTILINGUAL,metadata,29,2,doi:10.22158/fet.v7n2p1,"Managing Staff Diversity for Effective Secondary School Management in Delta State, Nigeria",0.060819
BERTopic-METADATA-MULTILINGUAL,metadata,29,3,doi:10.15648/cedotic.1.2021.2853,"Educación Inclusiva en instituciones de básica secundaria del municipio de Malambo- Atlántico, Colombia",0.068475
BERTopic-METADATA-MULTILINGUAL,metadata,29,4,doi:10.18634/sophiaj.20v.1i.1363,"Valoración del índice de inclusión en cinco colegios del municipio de Cajicá-Cundinamarca, Colombia",0.069449
BERTopic-METADATA-MULTILINGUAL,metadata,29,5,doi:10.12795/revistafuentes.2026.28418,Patrones de significado sobre la educación inclusiva desde la dirección escolar chilena.,0.078405
BERTopic-METADATA-MULTILINGUAL,metadata,29,6,doi:10.22458/ie.v25i39.4662,Políticas y prácticas inclusivas en centros educativos: Estudio de su implementación y relación desde la perspectiva de las personas directivas,0.078478
BERTopic-METADATA-MULTILINGUAL,metadata,29,7,doi:10.21501/2744838x.4264,Ambientes incluyentes,0.080125
BERTopic-METADATA-MULTILINGUAL,metadata,29,8,doi:10.59659/revistatribunal.v5i12.241,Gestión Educativa y Educación Inclusiva en Latinoamérica: Análisis Sistemático,0.084715
BERTopic-METADATA-MULTILINGUAL,metadata,29,9,doi:10.33996/revistahorizontes.v7i31.674,Gestión escolar e inclusividad en una Institución Educativa en la Provincia Constitucional del Callao,0.105723
BERTopic-METADATA-MULTILINGUAL,metadata,29,10,doi:10.32541/recie.v8i2.735,"Gestión escolar con enfoque inclusivo a nivel macro, meso y microcurricular: Experiencias de un estudio de caso",0.106712
BERTopic-METADATA-MULTILINGUAL,metadata,30,1,doi:10.5281/zenodo.18186632,"Preparación de directores para la gestión educativa en el Municipio Libertador, Mérida",0.051375
BERTopic-METADATA-MULTILINGUAL,metadata,30,2,record:583f98532f564ed9131c5f5c,"Liderazgo directivo en la gestión escolar de una institución educativa de Ayacucho, 2024",0.055382
BERTopic-METADATA-MULTILINGUAL,metadata,30,3,record:c8715fdc1d687fa0720451e4,"La autonomía directiva y gestión escolar pública de una institución educativa de Ayacucho, 2023",0.065728
BERTopic-METADATA-MULTILINGUAL,metadata,30,4,record:d2716a06d680828ac29429b0,Desempeño directivo y gestión educativa en instituciones educativas en el distrito de El Tambo - Huancayo,0.076736
BERTopic-METADATA-MULTILINGUAL,metadata,30,5,doi:10.37811/cl_rcm.v6i3.2246,"Gestión educativa y desempeño laboral de los directores de instituciones educativas de la provincia de Aymaraes, 2022",0.076849
BERTopic-METADATA-MULTILINGUAL,metadata,30,6,record:c9406c807ba93cf6fa0224e7,"Gestión educativa y liderazgo directivo en Instituciones Educativas del Distrito de Tamburco, 2023",0.082748
BERTopic-METADATA-MULTILINGUAL,metadata,30,7,record:114ae2d2b40811770ac3db30,"Liderazgo en la Gestión Educativa en Instituciones Educativas de unaUnidad de Gestión Educativa Local, Ayacucho 2023",0.094776
BERTopic-METADATA-MULTILINGUAL,metadata,30,8,record:5b4259cd4ca122dc1637e8b8,"Desempeño directivo y gestión escolar desde la percepción docente en dos instituciones educativas, Ayacucho, 2023",0.105459
BERTopic-METADATA-MULTILINGUAL,metadata,30,9,record:37a4724ff00500cddf14453e,Liderazgo distribuido y gestión escolar en las Instituciones Educativas del Distrito de Anta – Acobamba,0.128512
BERTopic-METADATA-MULTILINGUAL,metadata,30,10,record:9e0044b0d84eddd1e9085084,Liderazgo directivo y gestión educativa en las Instituciones del Distrito de Jamalca Utcubamba Amazonas,0.174589
BERTopic-METADATA-MULTILINGUAL,metadata,31,1,doi:10.4018/979-8-3693-3443-0.ch016,The Role of Emotional Intelligence in Educational Leadership,0.015236
BERTopic-METADATA-MULTILINGUAL,metadata,31,2,doi:10.59298/rijciam/2025/421215,Exploring the Role of Emotional Intelligence in Educational Leadership,0.022652
BERTopic-METADATA-MULTILINGUAL,metadata,31,3,doi:10.5354/2735-7279.2026.79264,Fortalecimiento de los liderazgos del equipo directivo y docente a través del desarrollo de la inteligencia emocional,0.028163
BERTopic-METADATA-MULTILINGUAL,metadata,31,4,doi:10.4324/9780429344442,A Model of Emotional Leadership in Schools,0.029389
BERTopic-METADATA-MULTILINGUAL,metadata,31,5,doi:10.3389/fpsyg.2025.1548185,The relationship between the principals’ emotional intelligence and conflict management: based on latent profile analysis,0.030702
BERTopic-METADATA-MULTILINGUAL,metadata,31,6,doi:10.52223/jess.2024.5225,The Influence of Emotional Intelligence in Educational Leadership and School Climate,0.047859
BERTopic-METADATA-MULTILINGUAL,metadata,31,7,doi:10.53595/rlo.v5.i12.116,Liderazgo Transformacional e Inteligencia Emocional en la Gestión Directiva Educativa,0.067741
BERTopic-METADATA-MULTILINGUAL,metadata,31,8,doi:10.33386/593dp.2022.1-1.997,Modelo teórico para la estimulación de la inteligencia emocional como eje transversal en la gestión educativa.,0.086457
BERTopic-METADATA-MULTILINGUAL,metadata,31,9,doi:10.70625/rlce/789,Inteligencia emocional como predictor de la comunicación efectiva en directivos de instituciones educativas públicas: un estudio de regresión en contexto amazónico,0.087094
BERTopic-METADATA-MULTILINGUAL,metadata,31,10,doi:10.63816/939px056,Inteligencia emocional,0.09172
BERTopic-METADATA-MULTILINGUAL,metadata,32,1,doi:10.37811/cl_rcm.v8i6.14496,Estrategias de Gestión Escolar y su Influencia en la Efectividad del Desempeño Docente en Ecuador,0.076287
BERTopic-METADATA-MULTILINGUAL,metadata,32,2,doi:10.35290/rcui.v12n3.2025.1613,Estrategias de gestión educativa para implicar al docente en el desarrollo del Marco Curricular Competencial de Ecuador,0.087737
BERTopic-METADATA-MULTILINGUAL,metadata,32,3,doi:10.37811/cl_rcm.v7i1.4568,"Modelo de habilidades gerenciales para mejorar la gestión educativa en educación regular, provincia de Guayas - Ecuador 2023",0.087966
BERTopic-METADATA-MULTILINGUAL,metadata,32,4,record:5668e578c3e6627926514834,"Propuesta de mejora de la gestión educativa eficiente de la Unidad Educativa “César Viera”, Ecuador, 2024",0.088991
BERTopic-METADATA-MULTILINGUAL,metadata,32,5,doi:10.70141/run.14.1230,"El desarrollo profesional docente en escuelas multigrado en Ecuador: necesidades, intereses y oportunidades de formación continua",0.096269
BERTopic-METADATA-MULTILINGUAL,metadata,32,6,doi:10.23857/dc.v7i1.1766,Nuevo modelo nacional de supervisión a la gestión educativa ecuatoriana,0.09893
BERTopic-METADATA-MULTILINGUAL,metadata,32,7,doi:10.37811/cl_rcm.v8i3.12103,"Ecuador: Escuelas Públicas y Privadas: Gestión, Docentes y Alumnos",0.111834
BERTopic-METADATA-MULTILINGUAL,metadata,32,8,doi:10.23857/pc.v11i4.11424,Institucionalización del Diseño Universal para el Aprendizaje: modelo de gestión escolar en Ecuador,0.122631
BERTopic-METADATA-MULTILINGUAL,metadata,32,9,record:fcfc980ca236a790573a7633,"Percepción de la gestión educativa de una escuela, Pindal, Ecuador, 2019",0.130802
BERTopic-METADATA-MULTILINGUAL,metadata,32,10,doi:10.33262/ap.v5i3.374,Gestión educativa y desempeño docente en las escuelas de Ecuador,0.137455
BERTopic-METADATA-MULTILINGUAL,metadata,33,1,doi:10.70577/nn0py871,Revisión Sistemática Sobre Cómo Las Habilidades Lingüísticas Se Vinculan Con La Gestión Escolar.,0.073369
BERTopic-METADATA-MULTILINGUAL,metadata,33,2,doi:10.37811/cl_rcm.v9i5.20725,Revisión Sistemática: las Habilidades Lingüísticas y su Relación con la Gestión Escolar,0.078574
BERTopic-METADATA-MULTILINGUAL,metadata,33,3,doi:10.5281/zenodo.7416004,La carencia de competencias de lenguaje gráfico en estudiantes de la licenciatura en Arquitectura de nuevo ingreso,0.08566
BERTopic-METADATA-MULTILINGUAL,metadata,33,4,record:36e5440cf9635857006c9655,Alfabetización y lectoescritura en tiempos de reestructuración curricular: trabajo articulado entre dirección escolar y alfabetizadores en una escuela pública de São Paulo,0.138764
BERTopic-METADATA-MULTILINGUAL,metadata,33,5,doi:10.5281/zenodo.17525622,Gestión educativa en estrategias metodológicas para el desarrollo de comprensión lectora,0.147065
BERTopic-METADATA-MULTILINGUAL,metadata,33,6,record:20e385a71358f762f1775dc9,Modelos integrales de gestión escolar en el desarrollo de la comunicación oral y escrita,0.154292
BERTopic-METADATA-MULTILINGUAL,metadata,33,7,record:fd279892c9684115fa281060,Liderazgo pedagógico para fortalecer la comprensión lectora con estrategias innovadoras en una institución educativa de la provincia de Chincha,0.163857
BERTopic-METADATA-MULTILINGUAL,metadata,33,8,doi:10.70860/ufnt.rbec.e15404,A contribuição da Metodologia das Produções Narrativas para a compreensão dos processos educativos desenvolvidos por educadoras de uma escola do campo do município de Carangola - MG,0.164642
BERTopic-METADATA-MULTILINGUAL,metadata,33,9,doi:10.63449/tembiakaaryrekvo.v4i1.45,O cinema como proposta didática para a mediação do processo ensino de língua espanhola no ensino médio,0.165806
BERTopic-METADATA-MULTILINGUAL,metadata,33,10,doi:10.47460/uct.v24i106.397,PODCAST: RECURSO DIDÁCTICO EN EL DESARROLLO DE LA DESTREZA AUDITIVA DEL IDIOMA INGLÉS,0.202445
BERTopic-METADATA-MULTILINGUAL,metadata,34,1,record:5b55d406f671f2815fe272a3,"La gestión educativa y desempeño docente en las Instituciones Educativas de la Red-Jivia Lauricocha, 2023",0.094762
BERTopic-METADATA-MULTILINGUAL,metadata,34,2,record:7e4d874375680be6a8879531,Gestión educativa y desempeño docente en una institución educativa de Trujillo 2023,0.123809
BERTopic-METADATA-MULTILINGUAL,metadata,34,3,record:ce65702e8c74b6e86566fdc9,"Desempeño directivo y compromisos de gestión escolar en instituciones educativas del Valle de Mishquiyacu, Picota - 2023",0.131559
BERTopic-METADATA-MULTILINGUAL,metadata,34,4,record:456e4dc4d1816ecbf86203c4,"Gestión escolar y competencias del docente en las IE, Urb. Previ - Callao Norte, 2024",0.152804
BERTopic-METADATA-MULTILINGUAL,metadata,34,5,record:b22d03b59b2cfeb90ad2c27f,"Gestión escolar y educación en valores en instituciones educativas públicas de Carabayllo, Lima 2023",0.16059
BERTopic-METADATA-MULTILINGUAL,metadata,34,6,record:76df6ba47be2536d3d780b91,Gestión educativa y práctica docente en una institución educativa pública de Cajamarca 2024,0.164733
BERTopic-METADATA-MULTILINGUAL,metadata,34,7,record:0fefacd7d12b218e05bb0cda,"Gestión escolar en la atención a estudiantes con altas capacidades en una institución educativa de Yurimaguas, 2023",0.165075
BERTopic-METADATA-MULTILINGUAL,metadata,34,8,record:d76ae4cdfc891c307c3e159c,Compromisos de gestión escolar y desempeño docente en una institución educativa de Bagua Grande,0.1682
BERTopic-METADATA-MULTILINGUAL,metadata,34,9,record:653ba911f81cdd26c071ca1d,"Relación entre la autoeficacia en gestión y los compromisos de gestión escolar en Instituciones Educativas Rurales de San Pablo de Occo, Angaraes-Huancavelica 2024.",0.168839
BERTopic-METADATA-MULTILINGUAL,metadata,34,10,record:8552abe772c56db10ed2c7df,"Gestión escolar y calidad educativa de los docentes en la institución educativa Salaverry, Trujillo 2022",0.187597
BERTopic-METADATA-MULTILINGUAL,metadata,35,1,record:c57a0586b823885ca0a95749,Gestión educativa y desempeño docente en instituciones educativas inclusivas de primaria,0.098967
BERTopic-METADATA-MULTILINGUAL,metadata,35,2,record:e604ab57cd5310aac7b01281,Clima institucional y su implicancia en el desempeño laboral en docentes de instituciones educativas públicas de Atalaya Ucayali 2025,0.122371
BERTopic-METADATA-MULTILINGUAL,metadata,35,3,doi:10.46363/warmi.v4i1.4,Clima institucional y desempeño docente en instituciones educativas de Razuri Ascope 2025,0.141114
BERTopic-METADATA-MULTILINGUAL,metadata,35,4,record:b8e2f3e95f07b0a8eb212705,"Autoestima y desempeño docente en una institución educativa pública, El Agustino 2025",0.151367
BERTopic-METADATA-MULTILINGUAL,metadata,35,5,doi:10.47554/revie.vol13.num1.2026.pp43-69,Estrategias de mejora para fortalecer la gestión escolar y la creación de ambientes de aprendizaje,0.182262
BERTopic-METADATA-MULTILINGUAL,metadata,35,6,doi:10.55873/racs.v4i2.407,Gestión educativa y el desempeño docente en una institución educativa pública,0.205065
BERTopic-METADATA-MULTILINGUAL,metadata,35,7,doi:10.4108/eai.29-6-2019.2290281,School Management of Social Capital Based To Improve Teacher’s Performance,0.214263
BERTopic-METADATA-MULTILINGUAL,metadata,35,8,doi:10.37811/cl_rcm.v10i1.22704,"Gestión Educativa y Desempeño Docente según la Percepción de Estudiantes Quinto Secundaria, Instituciones Educativas Públicas - Cercado Pachacamac",0.223109
BERTopic-METADATA-MULTILINGUAL,metadata,35,9,doi:10.37811/cl_rcm.v6i6.3796,Desempeño docente en la gestión escolar en instituciones educativas de educación básica regular,0.24292
BERTopic-METADATA-MULTILINGUAL,metadata,35,10,doi:10.52080/rvgluz.27.97.5,Gestión escolar durante la pandemia: relación entre el acompañamiento pedagógico y el desempeño docente,0.25642
BERTopic-METADATA-MULTILINGUAL,metadata,36,1,doi:10.5281/zenodo.21401954,Dimensiones comparativas de la gestión administrativa y la gestión educativa,0.060915
BERTopic-METADATA-MULTILINGUAL,metadata,36,2,doi:10.5281/zenodo.18225698,Gestión administrativa y praxis gerencial en las instituciones educativas,0.092425
BERTopic-METADATA-MULTILINGUAL,metadata,36,3,doi:10.1093/oxrep/grab004,Management in education systems,0.106222
BERTopic-METADATA-MULTILINGUAL,metadata,36,4,doi:10.46589/rdiasf.vi38.531,El diagnóstico en el proceso administrativo para la mejora de los procesos de gestión administrativa,0.112882
BERTopic-METADATA-MULTILINGUAL,metadata,36,5,doi:10.35756/educaumch.202322.274,Dimensión administrativa en la gestión escolar,0.114373
BERTopic-METADATA-MULTILINGUAL,metadata,36,6,doi:10.62452/rs29bw18,La gestión escolar y su impacto en la función directiva. Reflexiones teórico-metodológicas,0.119046
BERTopic-METADATA-MULTILINGUAL,metadata,36,7,doi:10.1080/13632434.2023.2176483,Systematic literature review on organisational culture and strategic management in the public sector and school management,0.122889
BERTopic-METADATA-MULTILINGUAL,metadata,36,8,doi:10.35290/rcui.v11n2.2024.1095,Estrategias de habilidades gerenciales para mejorar la gestión educativa de los directores en las instituciones educativas,0.151821
BERTopic-METADATA-MULTILINGUAL,metadata,36,9,doi:10.47796/ce.v11i01.765,Los estilos gerenciales determinantes del éxito en la gestión educativa,0.160793
BERTopic-METADATA-MULTILINGUAL,metadata,36,10,doi:10.15517/revedu.v47i1.49904,Gestión administrativa en unidades de gestión educativa: una revisión literaria,0.164376
BERTopic-METADATA-MULTILINGUAL,metadata,37,1,doi:10.37292/riccva.v4i3.162,ESTUDIO DESCRIPTIVO COMPARATIVO DE LA GESTIÓN PÚBLICA EN EDUCACIÓN DESARROLLADA POR LOS DIRECTORES DE DOS INSTITUTOS SUPERIORES PEDAGÓGICOS DE APURÍMAC PERÚ,0.090823
BERTopic-METADATA-MULTILINGUAL,metadata,37,2,doi:10.37811/cl_rcm.v6i2.2219,Corrupción en la gestión del ámbito educativo en Iberoamérica: una revisión sistemática,0.091827
BERTopic-METADATA-MULTILINGUAL,metadata,37,3,doi:10.60112/erc.v5.i4.608,Legado educativo de Juan Velasco Alvarado y su incidencia en el modelo educativo peruano del 2025,0.1142
BERTopic-METADATA-MULTILINGUAL,metadata,37,4,doi:10.51915/ret.374,Auditores Juveniles: La participación estudiantil como eje de la gestión educativa en Perú,0.115838
BERTopic-METADATA-MULTILINGUAL,metadata,37,5,doi:10.59427/rcli/2023/v23cs.2958-2962,Gestión educativa en el Perú: Camino al desarrollo,0.119144
BERTopic-METADATA-MULTILINGUAL,metadata,37,6,doi:10.32719/26312816.2024.8.1.7,Fenómeno de El Niño y la escuela en el Perú: ¿Qué sabemos sobre los impactos de los últimos tres eventos?,0.119874
BERTopic-METADATA-MULTILINGUAL,metadata,37,7,doi:10.22533/at.ed.7002410054,LA GESTIÓN ESCOLAR EN EL COMPROMISO DOCENTE EN INSTITUCIONES EDUCATIVAS DE LOS ANDES TROPICALES DEL PERÚ,0.155848
BERTopic-METADATA-MULTILINGUAL,metadata,37,8,doi:10.33255/26184141/2437e0066,"Corporaciones, petróleo y educación en Neuquén. El caso de Pan American Energy",0.184572
BERTopic-METADATA-MULTILINGUAL,metadata,37,9,doi:10.59659/revistatribunal.v4i8.56,Desempeño docente en educación básica regular en Perú: una revisión sistemática,0.204857
BERTopic-METADATA-MULTILINGUAL,metadata,37,10,doi:10.52501/cc.331.04,"El CUValles y la investigación sobre procesos socioeducativos, un esbozo del estado del arte",0.218838
BERTopic-METADATA-MULTILINGUAL,metadata,38,1,doi:10.70577/mxsz0a68,Gestión Educativa Inclusiva y Participación Escolar de Estudiantes con Discapacidad,0.009462
BERTopic-METADATA-MULTILINGUAL,metadata,38,2,doi:10.26820/recimundo/7.(1).enero.2023.108-117,Rol de apoyo a la inclusión pedagógica para estudiantes con necesidades especiales,0.023629
BERTopic-METADATA-MULTILINGUAL,metadata,38,3,doi:10.5590/jerap.2024.14.1.04,The Use of Assistive Technology for Students With Disabilities in Technical Colleges in Ondo State,0.033089
BERTopic-METADATA-MULTILINGUAL,metadata,38,4,doi:10.33262/concienciadigital.v6i1.3.2501,"Educación inclusiva: adaptaciones curriculares para estudiantes con necesidades educativas especiales asociadas a la discapacidad física, visual, intelectual y déficit de atención, un cambio estructural en la práctica educativa",0.037628
BERTopic-METADATA-MULTILINGUAL,metadata,38,5,doi:10.37811/cl_rcm.v8i2.10274,"Contexto de la Aplicación de la Ley N° 6103 sobre Personas que Presentan Trastornos del Espectro Autista (TEA) y la Gestión Escolar para una Educación Inclusiva, Paraguay",0.039498
BERTopic-METADATA-MULTILINGUAL,metadata,38,6,doi:10.18662/rrem/217,"Art Education, Therapy Interventions and School Management in Autism",0.040565
BERTopic-METADATA-MULTILINGUAL,metadata,38,7,doi:10.3390/educsci13060606,Breaking Barriers: The Influence of Teachers’ Attitudes on Inclusive Education for Students with Mild Learning Disabilities (MLDs),0.046011
BERTopic-METADATA-MULTILINGUAL,metadata,38,8,record:2123e5adb4e772b25966e88d,"Políticas públicas y gestión escolar: estudiantes con discapacidad visual, dos escuelas en Taguatinga-DF, Brasil",0.061542
BERTopic-METADATA-MULTILINGUAL,metadata,38,9,doi:10.17759/pse.2022270503,Health Protection in the Education of Students with Disabilities: Principles and Organization,0.074224
BERTopic-METADATA-MULTILINGUAL,metadata,38,10,doi:10.3389/fpubh.2025.1496631,Barriers and facilitators to participation in physical activity for students with disabilities in an integrated school setting: a meta-synthesis of qualitative research evidence,0.078766
BERTopic-METADATA-MULTILINGUAL,metadata,39,1,doi:10.11648/j.edu.20221101.13,Community School Management Related Educational Policy Provisions in Nepal: Perception from Implementers,0.027772
BERTopic-METADATA-MULTILINGUAL,metadata,39,2,doi:10.3126/jmds.v31i01.52848,School governance in Nepal: A perspective of new public management theory,0.033063
BERTopic-METADATA-MULTILINGUAL,metadata,39,3,doi:10.62997/rl.2025.42055,Strengthening School Governance: Assessing the Impact of School Management Committees on School Administration in Public Schools of Pakistan,0.034411
BERTopic-METADATA-MULTILINGUAL,metadata,39,4,record:76d4ac12f829f1b7ecf52915,A STUDY OF SCHOOL MANAGEMENT COMMITTEE: CHALLENGES AND SOLUTIONS,0.036676
BERTopic-METADATA-MULTILINGUAL,metadata,39,5,doi:10.48165/sajssh.2021.2107,Expected Roles and Functions of the School Management Committee: An Investigation for Effective Functioning,0.037719
BERTopic-METADATA-MULTILINGUAL,metadata,39,6,doi:10.22492/ije.13.3.09,A Ground-Based Study on School Management Committees: Insights from School Principals,0.039911
BERTopic-METADATA-MULTILINGUAL,metadata,39,7,doi:10.11648/j.edu.20241303.12,A Systematic Review of the Role of School Management Committee for the School Performance in Nepal,0.040136
BERTopic-METADATA-MULTILINGUAL,metadata,39,8,doi:10.30954/2230-7311.2.2024.8,Functioning of School Management Committee (SMCs) in Tribal Areas School of Odisha,0.051561
BERTopic-METADATA-MULTILINGUAL,metadata,39,9,doi:10.1111/rode.12904,The effects of school‐based management on Indian government schools,0.05436
BERTopic-METADATA-MULTILINGUAL,metadata,39,10,doi:10.54784/1990-6587.1497,Pre and post assessment of school management committee: A case study of Sindh,0.056538
BERTopic-METADATA-MULTILINGUAL,metadata,40,1,doi:10.56219/dialctica.v2i20.2142,LA GESTIÓN DIRECTIVA EN LAS INSTITUCIONES EDUCATIVAS DE CARÁCTER OFICIAL FRENTE A CASOS DE ÉXITO ANTE PRUEBAS EXTERNAS ESTANDARIZADAS A NIVEL NA- CIONAL,0.057187
BERTopic-METADATA-MULTILINGUAL,metadata,40,2,doi:10.60909/bdigital/handle.001.13312,Evaluación de la incidencia de la ruta de autoevaluación en tres IED de Bogotá,0.075241
BERTopic-METADATA-MULTILINGUAL,metadata,40,3,doi:10.59899/ges-cono-63-c11,Capítulo 11: Eficiencia Técnica de las Instituciones Educativas Públicas de Ciénaga - Magdalena – Colombia: un Enfoque Analítico con Análisis Envolvente de Datos,0.103563
BERTopic-METADATA-MULTILINGUAL,metadata,40,4,doi:10.19053/20278306.v12.n2.2022.15261,"Gestión educativa y eficiencia técnica en instituciones oficiales con educación media en Florencia, Caquetá, Colombia",0.107418
BERTopic-METADATA-MULTILINGUAL,metadata,40,5,record:49f081ad6b985c0c9491b28a,"Información de la ficha de monitoreo simon y la asistencia técnica del cuarto compromiso de gestión escolar, Jauja, 2023",0.109395
BERTopic-METADATA-MULTILINGUAL,metadata,40,6,doi:10.4067/s0718-50062021000500107,Gestión educativa para la sostenibilidad académica en Colombia,0.137232
BERTopic-METADATA-MULTILINGUAL,metadata,40,7,doi:10.37594/dialogus.v1i7.525,Gestión administrativa y deserción escolar en la institución educativa San Lorenzo de Suaza Huila periodo 2014-2019,0.160763
BERTopic-METADATA-MULTILINGUAL,metadata,40,8,doi:10.33386/593dp.2021.1.411,Incidencia del modelo teórico organizacional de calidad y competitividad en la Escuela Ciudad de Machala,0.18909
BERTopic-METADATA-MULTILINGUAL,metadata,40,9,doi:10.62452/hvkwpz13,Número Completo (Febrero),0.204221
BERTopic-METADATA-MULTILINGUAL,metadata,40,10,doi:10.61325/ser.v2i10.88,Análisis Correlacional entre los Planes de Mejoramiento Institucional y la Gestión Educativa en Instituciones Colombianas,0.241833
BERTopic-METADATA-MULTILINGUAL,metadata,41,1,doi:10.63618/omd/isj/v3/ne1/180,Efectos de la masificación educativa en el Bachillerato sobre la equidad y la calidad del aprendizaje: revisión crítica desde la perspectiva latinoamericana.,0.048067
BERTopic-METADATA-MULTILINGUAL,metadata,41,2,doi:10.18004/pdfce/2076-054x/2026.032.62.007,Brechas de aprendizaje en Paraguay: un análisis aplicado de determinantes y desigualdades con datos del SNEPE 2018,0.079707
BERTopic-METADATA-MULTILINGUAL,metadata,41,3,record:39556965c349d1eeda1e608b,Algunas aportaciones del INIDE al análisis y planeación del futuro de la educación básica,0.090474
BERTopic-METADATA-MULTILINGUAL,metadata,41,4,doi:10.5212/praxeduc.v.21.24571.001,Desigualdades en el desempeño académico en educación secundaria en el Perú: un análisis multinivel,0.110196
BERTopic-METADATA-MULTILINGUAL,metadata,41,5,doi:10.15448/1984-7289.2022.1.41864,Las desigualdades educativas en Argentina,0.116208
BERTopic-METADATA-MULTILINGUAL,metadata,41,6,doi:10.37073/puriq.4.325,Liderazgo directivo en la educación básica de la región latinoamericana,0.141693
BERTopic-METADATA-MULTILINGUAL,metadata,41,7,doi:10.37260/merito.i7n21.10,Transformaciones recientes en la calidad educativa latinoamericana: una revisión de los últimos cinco años (2020–2025),0.15842
BERTopic-METADATA-MULTILINGUAL,metadata,41,8,doi:10.48102/rlee.2024.54.3.664,"Políticas educativas para el fortalecimiento de sociedades democráticas en América Latina y el Caribe: desafíos, experiencias y estrategias innovadoras",0.175342
BERTopic-METADATA-MULTILINGUAL,metadata,41,9,doi:10.61616/rvdc.v7i1.1202,Gestión Educativa y Convivencia Escolar en Contextos Latinoamericanos: Una Revisión Sistemática,0.193836
BERTopic-METADATA-MULTILINGUAL,metadata,41,10,doi:10.33996/revistahorizontes.v9i38.1039,Calidad del servicio educativo en escuelas del nivel secundaria en Latinoamérica: una revisión narrativa,0.196689
