model,corpus,topic_id,year,documents_in_year,cluster_documents,cluster_share,mean_assignment_probability,outlier_share,lower_95,upper_95,uncertainty_method,year_complete
BERTopic-METADATA-MULTILINGUAL,metadata,0,2020,313,6,0.019169,0.493018,0.552716,0.00639,0.035144,bootstrap_cluster_share,True
BERTopic-METADATA-MULTILINGUAL,metadata,1,2020,313,7,0.022364,0.375809,0.552716,0.00639,0.038339,bootstrap_cluster_share,True
BERTopic-METADATA-MULTILINGUAL,metadata,10,2020,313,3,0.009585,0.217453,0.552716,0.0,0.022364,bootstrap_cluster_share,True
BERTopic-METADATA-MULTILINGUAL,metadata,11,2020,313,6,0.019169,0.537687,0.552716,0.00639,0.035144,bootstrap_cluster_share,True
BERTopic-METADATA-MULTILINGUAL,metadata,12,2020,313,6,0.019169,0.516632,0.552716,0.00639,0.035144,bootstrap_cluster_share,True
BERTopic-METADATA-MULTILINGUAL,metadata,13,2020,313,1,0.003195,0.136831,0.552716,0.0,0.009585,bootstrap_cluster_share,True
BERTopic-METADATA-MULTILINGUAL,metadata,14,2020,313,5,0.015974,0.431489,0.552716,0.003195,0.028754,bootstrap_cluster_share,True
BERTopic-METADATA-MULTILINGUAL,metadata,15,2020,313,4,0.01278,0.629161,0.552716,0.003195,0.025559,bootstrap_cluster_share,True
BERTopic-METADATA-MULTILINGUAL,metadata,16,2020,313,6,0.019169,0.523375,0.552716,0.00639,0.038339,bootstrap_cluster_share,True
BERTopic-METADATA-MULTILINGUAL,metadata,17,2020,313,3,0.009585,0.382632,0.552716,0.0,0.022364,bootstrap_cluster_share,True
BERTopic-METADATA-MULTILINGUAL,metadata,18,2020,313,9,0.028754,0.677623,0.552716,0.009585,0.047923,bootstrap_cluster_share,True
BERTopic-METADATA-MULTILINGUAL,metadata,19,2020,313,4,0.01278,0.732569,0.552716,0.0,0.025559,bootstrap_cluster_share,True
BERTopic-METADATA-MULTILINGUAL,metadata,2,2020,313,6,0.019169,0.40619,0.552716,0.00639,0.035144,bootstrap_cluster_share,True
BERTopic-METADATA-MULTILINGUAL,metadata,20,2020,313,3,0.009585,0.717241,0.552716,0.0,0.019169,bootstrap_cluster_share,True
BERTopic-METADATA-MULTILINGUAL,metadata,21,2020,313,1,0.003195,1.0,0.552716,0.0,0.009585,bootstrap_cluster_share,True
BERTopic-METADATA-MULTILINGUAL,metadata,22,2020,313,1,0.003195,1.0,0.552716,0.0,0.009585,bootstrap_cluster_share,True
BERTopic-METADATA-MULTILINGUAL,metadata,23,2020,313,0,0.0,0,0.552716,0.0,0.0,bootstrap_cluster_share,True
BERTopic-METADATA-MULTILINGUAL,metadata,24,2020,313,0,0.0,0,0.552716,0.0,0.0,bootstrap_cluster_share,True
BERTopic-METADATA-MULTILINGUAL,metadata,25,2020,313,6,0.019169,0.839063,0.552716,0.00639,0.031949,bootstrap_cluster_share,True
BERTopic-METADATA-MULTILINGUAL,metadata,26,2020,313,3,0.009585,0.718105,0.552716,0.0,0.022364,bootstrap_cluster_share,True
BERTopic-METADATA-MULTILINGUAL,metadata,27,2020,313,1,0.003195,0.186876,0.552716,0.0,0.009585,bootstrap_cluster_share,True
BERTopic-METADATA-MULTILINGUAL,metadata,28,2020,313,2,0.00639,0.617396,0.552716,0.0,0.015974,bootstrap_cluster_share,True
BERTopic-METADATA-MULTILINGUAL,metadata,29,2020,313,0,0.0,0,0.552716,0.0,0.0,bootstrap_cluster_share,True
BERTopic-METADATA-MULTILINGUAL,metadata,3,2020,313,3,0.009585,0.304597,0.552716,0.0,0.019169,bootstrap_cluster_share,True
BERTopic-METADATA-MULTILINGUAL,metadata,30,2020,313,2,0.00639,0.189017,0.552716,0.0,0.015974,bootstrap_cluster_share,True
BERTopic-METADATA-MULTILINGUAL,metadata,31,2020,313,3,0.009585,0.904621,0.552716,0.0,0.022364,bootstrap_cluster_share,True
BERTopic-METADATA-MULTILINGUAL,metadata,32,2020,313,0,0.0,0,0.552716,0.0,0.0,bootstrap_cluster_share,True
BERTopic-METADATA-MULTILINGUAL,metadata,33,2020,313,2,0.00639,1.0,0.552716,0.0,0.015974,bootstrap_cluster_share,True
BERTopic-METADATA-MULTILINGUAL,metadata,34,2020,313,0,0.0,0,0.552716,0.0,0.0,bootstrap_cluster_share,True
BERTopic-METADATA-MULTILINGUAL,metadata,35,2020,313,2,0.00639,0.659092,0.552716,0.0,0.015974,bootstrap_cluster_share,True
BERTopic-METADATA-MULTILINGUAL,metadata,36,2020,313,0,0.0,0,0.552716,0.0,0.0,bootstrap_cluster_share,True
BERTopic-METADATA-MULTILINGUAL,metadata,37,2020,313,1,0.003195,1.0,0.552716,0.0,0.009585,bootstrap_cluster_share,True
BERTopic-METADATA-MULTILINGUAL,metadata,38,2020,313,1,0.003195,1.0,0.552716,0.0,0.009585,bootstrap_cluster_share,True
BERTopic-METADATA-MULTILINGUAL,metadata,39,2020,313,1,0.003195,1.0,0.552716,0.0,0.009585,bootstrap_cluster_share,True
BERTopic-METADATA-MULTILINGUAL,metadata,4,2020,313,8,0.025559,0.51127,0.552716,0.009585,0.044728,bootstrap_cluster_share,True
BERTopic-METADATA-MULTILINGUAL,metadata,40,2020,313,2,0.00639,0.626515,0.552716,0.0,0.015974,bootstrap_cluster_share,True
BERTopic-METADATA-MULTILINGUAL,metadata,41,2020,313,0,0.0,0,0.552716,0.0,0.0,bootstrap_cluster_share,True
BERTopic-METADATA-MULTILINGUAL,metadata,5,2020,313,8,0.025559,0.49724,0.552716,0.009585,0.041534,bootstrap_cluster_share,True
BERTopic-METADATA-MULTILINGUAL,metadata,6,2020,313,6,0.019169,0.4188,0.552716,0.00639,0.035144,bootstrap_cluster_share,True
BERTopic-METADATA-MULTILINGUAL,metadata,7,2020,313,7,0.022364,0.570348,0.552716,0.00639,0.038339,bootstrap_cluster_share,True
BERTopic-METADATA-MULTILINGUAL,metadata,8,2020,313,4,0.01278,0.365226,0.552716,0.003195,0.028754,bootstrap_cluster_share,True
BERTopic-METADATA-MULTILINGUAL,metadata,9,2020,313,7,0.022364,0.826506,0.552716,0.00639,0.041534,bootstrap_cluster_share,True
BERTopic-METADATA-MULTILINGUAL,metadata,0,2021,321,7,0.021807,0.389324,0.570093,0.006231,0.037383,bootstrap_cluster_share,True
BERTopic-METADATA-MULTILINGUAL,metadata,1,2021,321,7,0.021807,0.250868,0.570093,0.006231,0.037383,bootstrap_cluster_share,True
BERTopic-METADATA-MULTILINGUAL,metadata,10,2021,321,5,0.015576,0.540566,0.570093,0.003115,0.031153,bootstrap_cluster_share,True
BERTopic-METADATA-MULTILINGUAL,metadata,11,2021,321,4,0.012461,0.616898,0.570093,0.003115,0.024922,bootstrap_cluster_share,True
BERTopic-METADATA-MULTILINGUAL,metadata,12,2021,321,5,0.015576,0.696236,0.570093,0.003115,0.028037,bootstrap_cluster_share,True
BERTopic-METADATA-MULTILINGUAL,metadata,13,2021,321,2,0.006231,0.270782,0.570093,0.0,0.015576,bootstrap_cluster_share,True
BERTopic-METADATA-MULTILINGUAL,metadata,14,2021,321,6,0.018692,0.170211,0.570093,0.006231,0.034268,bootstrap_cluster_share,True
BERTopic-METADATA-MULTILINGUAL,metadata,15,2021,321,4,0.012461,0.660612,0.570093,0.003115,0.024922,bootstrap_cluster_share,True
BERTopic-METADATA-MULTILINGUAL,metadata,16,2021,321,7,0.021807,0.978864,0.570093,0.009346,0.037383,bootstrap_cluster_share,True
BERTopic-METADATA-MULTILINGUAL,metadata,17,2021,321,4,0.012461,0.451034,0.570093,0.003115,0.024922,bootstrap_cluster_share,True
BERTopic-METADATA-MULTILINGUAL,metadata,18,2021,321,3,0.009346,0.857255,0.570093,0.0,0.018692,bootstrap_cluster_share,True
BERTopic-METADATA-MULTILINGUAL,metadata,19,2021,321,2,0.006231,0.424441,0.570093,0.0,0.015576,bootstrap_cluster_share,True
BERTopic-METADATA-MULTILINGUAL,metadata,2,2021,321,7,0.021807,0.531622,0.570093,0.006231,0.037383,bootstrap_cluster_share,True
BERTopic-METADATA-MULTILINGUAL,metadata,20,2021,321,2,0.006231,0.621733,0.570093,0.0,0.018692,bootstrap_cluster_share,True
BERTopic-METADATA-MULTILINGUAL,metadata,21,2021,321,0,0.0,0,0.570093,0.0,0.0,bootstrap_cluster_share,True
BERTopic-METADATA-MULTILINGUAL,metadata,22,2021,321,3,0.009346,0.863676,0.570093,0.0,0.021807,bootstrap_cluster_share,True
BERTopic-METADATA-MULTILINGUAL,metadata,23,2021,321,0,0.0,0,0.570093,0.0,0.0,bootstrap_cluster_share,True
BERTopic-METADATA-MULTILINGUAL,metadata,24,2021,321,1,0.003115,1.0,0.570093,0.0,0.009346,bootstrap_cluster_share,True
BERTopic-METADATA-MULTILINGUAL,metadata,25,2021,321,1,0.003115,0.43601,0.570093,0.0,0.012461,bootstrap_cluster_share,True
BERTopic-METADATA-MULTILINGUAL,metadata,26,2021,321,1,0.003115,0.232558,0.570093,0.0,0.009346,bootstrap_cluster_share,True
BERTopic-METADATA-MULTILINGUAL,metadata,27,2021,321,2,0.006231,1.0,0.570093,0.0,0.015576,bootstrap_cluster_share,True
BERTopic-METADATA-MULTILINGUAL,metadata,28,2021,321,4,0.012461,0.813533,0.570093,0.003115,0.024922,bootstrap_cluster_share,True
BERTopic-METADATA-MULTILINGUAL,metadata,29,2021,321,1,0.003115,1.0,0.570093,0.0,0.009346,bootstrap_cluster_share,True
BERTopic-METADATA-MULTILINGUAL,metadata,3,2021,321,0,0.0,0,0.570093,0.0,0.0,bootstrap_cluster_share,True
BERTopic-METADATA-MULTILINGUAL,metadata,30,2021,321,0,0.0,0,0.570093,0.0,0.0,bootstrap_cluster_share,True
BERTopic-METADATA-MULTILINGUAL,metadata,31,2021,321,0,0.0,0,0.570093,0.0,0.0,bootstrap_cluster_share,True
BERTopic-METADATA-MULTILINGUAL,metadata,32,2021,321,1,0.003115,1.0,0.570093,0.0,0.009346,bootstrap_cluster_share,True
BERTopic-METADATA-MULTILINGUAL,metadata,33,2021,321,2,0.006231,0.162946,0.570093,0.0,0.015576,bootstrap_cluster_share,True
BERTopic-METADATA-MULTILINGUAL,metadata,34,2021,321,0,0.0,0,0.570093,0.0,0.0,bootstrap_cluster_share,True
BERTopic-METADATA-MULTILINGUAL,metadata,35,2021,321,0,0.0,0,0.570093,0.0,0.0,bootstrap_cluster_share,True
BERTopic-METADATA-MULTILINGUAL,metadata,36,2021,321,1,0.003115,1.0,0.570093,0.0,0.009346,bootstrap_cluster_share,True
BERTopic-METADATA-MULTILINGUAL,metadata,37,2021,321,0,0.0,0,0.570093,0.0,0.0,bootstrap_cluster_share,True
BERTopic-METADATA-MULTILINGUAL,metadata,38,2021,321,0,0.0,0,0.570093,0.0,0.0,bootstrap_cluster_share,True
BERTopic-METADATA-MULTILINGUAL,metadata,39,2021,321,1,0.003115,1.0,0.570093,0.0,0.009346,bootstrap_cluster_share,True
BERTopic-METADATA-MULTILINGUAL,metadata,4,2021,321,9,0.028037,0.480196,0.570093,0.009346,0.046729,bootstrap_cluster_share,True
BERTopic-METADATA-MULTILINGUAL,metadata,40,2021,321,1,0.003115,1.0,0.570093,0.0,0.009346,bootstrap_cluster_share,True
BERTopic-METADATA-MULTILINGUAL,metadata,41,2021,321,1,0.003115,1.0,0.570093,0.0,0.009346,bootstrap_cluster_share,True
BERTopic-METADATA-MULTILINGUAL,metadata,5,2021,321,10,0.031153,0.280787,0.570093,0.012461,0.049844,bootstrap_cluster_share,True
BERTopic-METADATA-MULTILINGUAL,metadata,6,2021,321,17,0.05296,0.492031,0.570093,0.028037,0.074766,bootstrap_cluster_share,True
BERTopic-METADATA-MULTILINGUAL,metadata,7,2021,321,4,0.012461,0.3785,0.570093,0.003115,0.024922,bootstrap_cluster_share,True
BERTopic-METADATA-MULTILINGUAL,metadata,8,2021,321,4,0.012461,0.219164,0.570093,0.003115,0.024922,bootstrap_cluster_share,True
BERTopic-METADATA-MULTILINGUAL,metadata,9,2021,321,9,0.028037,0.411732,0.570093,0.012461,0.046729,bootstrap_cluster_share,True
BERTopic-METADATA-MULTILINGUAL,metadata,0,2022,292,7,0.023973,0.308355,0.547945,0.010274,0.041096,bootstrap_cluster_share,True
BERTopic-METADATA-MULTILINGUAL,metadata,1,2022,292,4,0.013699,0.441369,0.547945,0.003425,0.027397,bootstrap_cluster_share,True
BERTopic-METADATA-MULTILINGUAL,metadata,10,2022,292,3,0.010274,0.765839,0.547945,0.0,0.020548,bootstrap_cluster_share,True
BERTopic-METADATA-MULTILINGUAL,metadata,11,2022,292,7,0.023973,0.481192,0.547945,0.006849,0.041096,bootstrap_cluster_share,True
BERTopic-METADATA-MULTILINGUAL,metadata,12,2022,292,5,0.017123,0.444332,0.547945,0.003425,0.034247,bootstrap_cluster_share,True
BERTopic-METADATA-MULTILINGUAL,metadata,13,2022,292,4,0.013699,0.517525,0.547945,0.003425,0.027397,bootstrap_cluster_share,True
BERTopic-METADATA-MULTILINGUAL,metadata,14,2022,292,1,0.003425,1.0,0.547945,0.0,0.013699,bootstrap_cluster_share,True
BERTopic-METADATA-MULTILINGUAL,metadata,15,2022,292,4,0.013699,0.593087,0.547945,0.003425,0.027397,bootstrap_cluster_share,True
BERTopic-METADATA-MULTILINGUAL,metadata,16,2022,292,1,0.003425,1.0,0.547945,0.0,0.010274,bootstrap_cluster_share,True
BERTopic-METADATA-MULTILINGUAL,metadata,17,2022,292,2,0.006849,1.0,0.547945,0.0,0.017123,bootstrap_cluster_share,True
BERTopic-METADATA-MULTILINGUAL,metadata,18,2022,292,4,0.013699,0.685744,0.547945,0.0,0.027397,bootstrap_cluster_share,True
BERTopic-METADATA-MULTILINGUAL,metadata,19,2022,292,2,0.006849,0.628053,0.547945,0.0,0.017123,bootstrap_cluster_share,True
BERTopic-METADATA-MULTILINGUAL,metadata,2,2022,292,12,0.041096,0.209634,0.547945,0.020548,0.061644,bootstrap_cluster_share,True
BERTopic-METADATA-MULTILINGUAL,metadata,20,2022,292,1,0.003425,0.110309,0.547945,0.0,0.010274,bootstrap_cluster_share,True
BERTopic-METADATA-MULTILINGUAL,metadata,21,2022,292,1,0.003425,1.0,0.547945,0.0,0.010274,bootstrap_cluster_share,True
BERTopic-METADATA-MULTILINGUAL,metadata,22,2022,292,2,0.006849,0.594878,0.547945,0.0,0.020548,bootstrap_cluster_share,True
BERTopic-METADATA-MULTILINGUAL,metadata,23,2022,292,0,0.0,0,0.547945,0.0,0.0,bootstrap_cluster_share,True
BERTopic-METADATA-MULTILINGUAL,metadata,24,2022,292,6,0.020548,0.729486,0.547945,0.006849,0.034247,bootstrap_cluster_share,True
BERTopic-METADATA-MULTILINGUAL,metadata,25,2022,292,3,0.010274,1.0,0.547945,0.0,0.023973,bootstrap_cluster_share,True
BERTopic-METADATA-MULTILINGUAL,metadata,26,2022,292,2,0.006849,0.739395,0.547945,0.0,0.017123,bootstrap_cluster_share,True
BERTopic-METADATA-MULTILINGUAL,metadata,27,2022,292,3,0.010274,0.712077,0.547945,0.0,0.020548,bootstrap_cluster_share,True
BERTopic-METADATA-MULTILINGUAL,metadata,28,2022,292,1,0.003425,0.246777,0.547945,0.0,0.010274,bootstrap_cluster_share,True
BERTopic-METADATA-MULTILINGUAL,metadata,29,2022,292,1,0.003425,0.670682,0.547945,0.0,0.013699,bootstrap_cluster_share,True
BERTopic-METADATA-MULTILINGUAL,metadata,3,2022,292,2,0.006849,0.651575,0.547945,0.0,0.017123,bootstrap_cluster_share,True
BERTopic-METADATA-MULTILINGUAL,metadata,30,2022,292,2,0.006849,1.0,0.547945,0.0,0.017123,bootstrap_cluster_share,True
BERTopic-METADATA-MULTILINGUAL,metadata,31,2022,292,2,0.006849,0.821035,0.547945,0.0,0.017123,bootstrap_cluster_share,True
BERTopic-METADATA-MULTILINGUAL,metadata,32,2022,292,0,0.0,0,0.547945,0.0,0.0,bootstrap_cluster_share,True
BERTopic-METADATA-MULTILINGUAL,metadata,33,2022,292,1,0.003425,1.0,0.547945,0.0,0.010274,bootstrap_cluster_share,True
BERTopic-METADATA-MULTILINGUAL,metadata,34,2022,292,1,0.003425,0.34105,0.547945,0.0,0.010274,bootstrap_cluster_share,True
BERTopic-METADATA-MULTILINGUAL,metadata,35,2022,292,3,0.010274,0.715391,0.547945,0.0,0.020548,bootstrap_cluster_share,True
BERTopic-METADATA-MULTILINGUAL,metadata,36,2022,292,1,0.003425,0.303097,0.547945,0.0,0.013699,bootstrap_cluster_share,True
BERTopic-METADATA-MULTILINGUAL,metadata,37,2022,292,1,0.003425,1.0,0.547945,0.0,0.010274,bootstrap_cluster_share,True
BERTopic-METADATA-MULTILINGUAL,metadata,38,2022,292,1,0.003425,0.686509,0.547945,0.0,0.010274,bootstrap_cluster_share,True
BERTopic-METADATA-MULTILINGUAL,metadata,39,2022,292,4,0.013699,0.81719,0.547945,0.0,0.027397,bootstrap_cluster_share,True
BERTopic-METADATA-MULTILINGUAL,metadata,4,2022,292,7,0.023973,0.320185,0.547945,0.006849,0.041096,bootstrap_cluster_share,True
BERTopic-METADATA-MULTILINGUAL,metadata,40,2022,292,2,0.006849,1.0,0.547945,0.0,0.017123,bootstrap_cluster_share,True
BERTopic-METADATA-MULTILINGUAL,metadata,41,2022,292,2,0.006849,1.0,0.547945,0.0,0.017123,bootstrap_cluster_share,True
BERTopic-METADATA-MULTILINGUAL,metadata,5,2022,292,7,0.023973,0.512971,0.547945,0.006849,0.044521,bootstrap_cluster_share,True
BERTopic-METADATA-MULTILINGUAL,metadata,6,2022,292,7,0.023973,0.822617,0.547945,0.006849,0.041096,bootstrap_cluster_share,True
BERTopic-METADATA-MULTILINGUAL,metadata,7,2022,292,2,0.006849,0.62675,0.547945,0.0,0.017123,bootstrap_cluster_share,True
BERTopic-METADATA-MULTILINGUAL,metadata,8,2022,292,6,0.020548,0.3637,0.547945,0.006849,0.037671,bootstrap_cluster_share,True
BERTopic-METADATA-MULTILINGUAL,metadata,9,2022,292,5,0.017123,0.526202,0.547945,0.003425,0.034247,bootstrap_cluster_share,True
BERTopic-METADATA-MULTILINGUAL,metadata,0,2023,341,9,0.026393,0.519671,0.501466,0.008798,0.043988,bootstrap_cluster_share,True
BERTopic-METADATA-MULTILINGUAL,metadata,1,2023,341,10,0.029326,0.593529,0.501466,0.014663,0.049853,bootstrap_cluster_share,True
BERTopic-METADATA-MULTILINGUAL,metadata,10,2023,341,8,0.02346,0.517264,0.501466,0.008798,0.038123,bootstrap_cluster_share,True
BERTopic-METADATA-MULTILINGUAL,metadata,11,2023,341,8,0.02346,0.512205,0.501466,0.008798,0.041056,bootstrap_cluster_share,True
BERTopic-METADATA-MULTILINGUAL,metadata,12,2023,341,3,0.008798,0.566097,0.501466,0.0,0.017595,bootstrap_cluster_share,True
BERTopic-METADATA-MULTILINGUAL,metadata,13,2023,341,5,0.014663,0.739182,0.501466,0.002933,0.026393,bootstrap_cluster_share,True
BERTopic-METADATA-MULTILINGUAL,metadata,14,2023,341,2,0.005865,0.124279,0.501466,0.0,0.014663,bootstrap_cluster_share,True
BERTopic-METADATA-MULTILINGUAL,metadata,15,2023,341,6,0.017595,0.530066,0.501466,0.002933,0.032258,bootstrap_cluster_share,True
BERTopic-METADATA-MULTILINGUAL,metadata,16,2023,341,2,0.005865,1.0,0.501466,0.0,0.014663,bootstrap_cluster_share,True
BERTopic-METADATA-MULTILINGUAL,metadata,17,2023,341,4,0.01173,0.687168,0.501466,0.002933,0.02346,bootstrap_cluster_share,True
BERTopic-METADATA-MULTILINGUAL,metadata,18,2023,341,2,0.005865,1.0,0.501466,0.0,0.014663,bootstrap_cluster_share,True
BERTopic-METADATA-MULTILINGUAL,metadata,19,2023,341,6,0.017595,0.762356,0.501466,0.005865,0.032258,bootstrap_cluster_share,True
BERTopic-METADATA-MULTILINGUAL,metadata,2,2023,341,9,0.026393,0.500999,0.501466,0.01173,0.043988,bootstrap_cluster_share,True
BERTopic-METADATA-MULTILINGUAL,metadata,20,2023,341,2,0.005865,0.651613,0.501466,0.0,0.014663,bootstrap_cluster_share,True
BERTopic-METADATA-MULTILINGUAL,metadata,21,2023,341,2,0.005865,0.247125,0.501466,0.0,0.014663,bootstrap_cluster_share,True
BERTopic-METADATA-MULTILINGUAL,metadata,22,2023,341,7,0.020528,0.764456,0.501466,0.005865,0.035191,bootstrap_cluster_share,True
BERTopic-METADATA-MULTILINGUAL,metadata,23,2023,341,2,0.005865,0.354681,0.501466,0.0,0.014663,bootstrap_cluster_share,True
BERTopic-METADATA-MULTILINGUAL,metadata,24,2023,341,3,0.008798,0.788345,0.501466,0.0,0.020528,bootstrap_cluster_share,True
BERTopic-METADATA-MULTILINGUAL,metadata,25,2023,341,2,0.005865,0.658003,0.501466,0.0,0.014663,bootstrap_cluster_share,True
BERTopic-METADATA-MULTILINGUAL,metadata,26,2023,341,5,0.014663,0.69221,0.501466,0.002933,0.029326,bootstrap_cluster_share,True
BERTopic-METADATA-MULTILINGUAL,metadata,27,2023,341,1,0.002933,0.050865,0.501466,0.0,0.008798,bootstrap_cluster_share,True
BERTopic-METADATA-MULTILINGUAL,metadata,28,2023,341,2,0.005865,1.0,0.501466,0.0,0.017595,bootstrap_cluster_share,True
BERTopic-METADATA-MULTILINGUAL,metadata,29,2023,341,4,0.01173,0.865224,0.501466,0.002933,0.026393,bootstrap_cluster_share,True
BERTopic-METADATA-MULTILINGUAL,metadata,3,2023,341,5,0.014663,0.737716,0.501466,0.002933,0.026393,bootstrap_cluster_share,True
BERTopic-METADATA-MULTILINGUAL,metadata,30,2023,341,2,0.005865,1.0,0.501466,0.0,0.014663,bootstrap_cluster_share,True
BERTopic-METADATA-MULTILINGUAL,metadata,31,2023,341,0,0.0,0,0.501466,0.0,0.0,bootstrap_cluster_share,True
BERTopic-METADATA-MULTILINGUAL,metadata,32,2023,341,3,0.008798,1.0,0.501466,0.0,0.020528,bootstrap_cluster_share,True
BERTopic-METADATA-MULTILINGUAL,metadata,33,2023,341,0,0.0,0,0.501466,0.0,0.0,bootstrap_cluster_share,True
BERTopic-METADATA-MULTILINGUAL,metadata,34,2023,341,2,0.005865,1.0,0.501466,0.0,0.014663,bootstrap_cluster_share,True
BERTopic-METADATA-MULTILINGUAL,metadata,35,2023,341,0,0.0,0,0.501466,0.0,0.0,bootstrap_cluster_share,True
BERTopic-METADATA-MULTILINGUAL,metadata,36,2023,341,6,0.017595,0.902205,0.501466,0.005865,0.032258,bootstrap_cluster_share,True
BERTopic-METADATA-MULTILINGUAL,metadata,37,2023,341,1,0.002933,1.0,0.501466,0.0,0.008798,bootstrap_cluster_share,True
BERTopic-METADATA-MULTILINGUAL,metadata,38,2023,341,6,0.017595,0.892836,0.501466,0.005865,0.032258,bootstrap_cluster_share,True
BERTopic-METADATA-MULTILINGUAL,metadata,39,2023,341,1,0.002933,1.0,0.501466,0.0,0.008798,bootstrap_cluster_share,True
BERTopic-METADATA-MULTILINGUAL,metadata,4,2023,341,8,0.02346,0.753287,0.501466,0.008798,0.041056,bootstrap_cluster_share,True
BERTopic-METADATA-MULTILINGUAL,metadata,40,2023,341,1,0.002933,1.0,0.501466,0.0,0.008798,bootstrap_cluster_share,True
BERTopic-METADATA-MULTILINGUAL,metadata,41,2023,341,0,0.0,0,0.501466,0.0,0.0,bootstrap_cluster_share,True
BERTopic-METADATA-MULTILINGUAL,metadata,5,2023,341,8,0.02346,0.10429,0.501466,0.008798,0.041056,bootstrap_cluster_share,True
BERTopic-METADATA-MULTILINGUAL,metadata,6,2023,341,7,0.020528,0.351149,0.501466,0.005865,0.035191,bootstrap_cluster_share,True
BERTopic-METADATA-MULTILINGUAL,metadata,7,2023,341,3,0.008798,0.197697,0.501466,0.0,0.020528,bootstrap_cluster_share,True
BERTopic-METADATA-MULTILINGUAL,metadata,8,2023,341,8,0.02346,0.479114,0.501466,0.008798,0.041056,bootstrap_cluster_share,True
BERTopic-METADATA-MULTILINGUAL,metadata,9,2023,341,5,0.014663,0.634907,0.501466,0.002933,0.026393,bootstrap_cluster_share,True
BERTopic-METADATA-MULTILINGUAL,metadata,0,2024,379,6,0.015831,0.684144,0.490765,0.005277,0.029024,bootstrap_cluster_share,True
BERTopic-METADATA-MULTILINGUAL,metadata,1,2024,379,8,0.021108,0.51718,0.490765,0.007916,0.036939,bootstrap_cluster_share,True
BERTopic-METADATA-MULTILINGUAL,metadata,10,2024,379,6,0.015831,0.549462,0.490765,0.005277,0.029024,bootstrap_cluster_share,True
BERTopic-METADATA-MULTILINGUAL,metadata,11,2024,379,6,0.015831,0.567784,0.490765,0.005277,0.029024,bootstrap_cluster_share,True
BERTopic-METADATA-MULTILINGUAL,metadata,12,2024,379,4,0.010554,0.641576,0.490765,0.002639,0.021108,bootstrap_cluster_share,True
BERTopic-METADATA-MULTILINGUAL,metadata,13,2024,379,7,0.01847,0.562572,0.490765,0.005277,0.034301,bootstrap_cluster_share,True
BERTopic-METADATA-MULTILINGUAL,metadata,14,2024,379,3,0.007916,0.538926,0.490765,0.0,0.015831,bootstrap_cluster_share,True
BERTopic-METADATA-MULTILINGUAL,metadata,15,2024,379,5,0.013193,0.549284,0.490765,0.002639,0.026385,bootstrap_cluster_share,True
BERTopic-METADATA-MULTILINGUAL,metadata,16,2024,379,2,0.005277,0.283826,0.490765,0.0,0.013193,bootstrap_cluster_share,True
BERTopic-METADATA-MULTILINGUAL,metadata,17,2024,379,5,0.013193,0.647873,0.490765,0.005277,0.026385,bootstrap_cluster_share,True
BERTopic-METADATA-MULTILINGUAL,metadata,18,2024,379,2,0.005277,0.187236,0.490765,0.0,0.013193,bootstrap_cluster_share,True
BERTopic-METADATA-MULTILINGUAL,metadata,19,2024,379,4,0.010554,0.671881,0.490765,0.0,0.021108,bootstrap_cluster_share,True
BERTopic-METADATA-MULTILINGUAL,metadata,2,2024,379,7,0.01847,0.249517,0.490765,0.005277,0.031662,bootstrap_cluster_share,True
BERTopic-METADATA-MULTILINGUAL,metadata,20,2024,379,4,0.010554,0.438237,0.490765,0.0,0.021108,bootstrap_cluster_share,True
BERTopic-METADATA-MULTILINGUAL,metadata,21,2024,379,5,0.013193,0.711881,0.490765,0.002639,0.023747,bootstrap_cluster_share,True
BERTopic-METADATA-MULTILINGUAL,metadata,22,2024,379,3,0.007916,0.533548,0.490765,0.0,0.01847,bootstrap_cluster_share,True
BERTopic-METADATA-MULTILINGUAL,metadata,23,2024,379,7,0.01847,0.802209,0.490765,0.005277,0.034301,bootstrap_cluster_share,True
BERTopic-METADATA-MULTILINGUAL,metadata,24,2024,379,2,0.005277,0.697913,0.490765,0.0,0.013193,bootstrap_cluster_share,True
BERTopic-METADATA-MULTILINGUAL,metadata,25,2024,379,3,0.007916,0.815954,0.490765,0.0,0.01847,bootstrap_cluster_share,True
BERTopic-METADATA-MULTILINGUAL,metadata,26,2024,379,2,0.005277,0.637518,0.490765,0.0,0.013193,bootstrap_cluster_share,True
BERTopic-METADATA-MULTILINGUAL,metadata,27,2024,379,2,0.005277,1.0,0.490765,0.0,0.013193,bootstrap_cluster_share,True
BERTopic-METADATA-MULTILINGUAL,metadata,28,2024,379,4,0.010554,1.0,0.490765,0.002639,0.023747,bootstrap_cluster_share,True
BERTopic-METADATA-MULTILINGUAL,metadata,29,2024,379,4,0.010554,0.836574,0.490765,0.002639,0.021108,bootstrap_cluster_share,True
BERTopic-METADATA-MULTILINGUAL,metadata,3,2024,379,19,0.050132,0.54254,0.490765,0.031662,0.073879,bootstrap_cluster_share,True
BERTopic-METADATA-MULTILINGUAL,metadata,30,2024,379,6,0.015831,0.627445,0.490765,0.005277,0.029024,bootstrap_cluster_share,True
BERTopic-METADATA-MULTILINGUAL,metadata,31,2024,379,3,0.007916,0.906182,0.490765,0.0,0.01847,bootstrap_cluster_share,True
BERTopic-METADATA-MULTILINGUAL,metadata,32,2024,379,5,0.013193,0.719553,0.490765,0.002639,0.026385,bootstrap_cluster_share,True
BERTopic-METADATA-MULTILINGUAL,metadata,33,2024,379,2,0.005277,0.740335,0.490765,0.0,0.013193,bootstrap_cluster_share,True
BERTopic-METADATA-MULTILINGUAL,metadata,34,2024,379,7,0.01847,0.780073,0.490765,0.005277,0.031662,bootstrap_cluster_share,True
BERTopic-METADATA-MULTILINGUAL,metadata,35,2024,379,1,0.002639,1.0,0.490765,0.0,0.010554,bootstrap_cluster_share,True
BERTopic-METADATA-MULTILINGUAL,metadata,36,2024,379,2,0.005277,1.0,0.490765,0.0,0.013193,bootstrap_cluster_share,True
BERTopic-METADATA-MULTILINGUAL,metadata,37,2024,379,4,0.010554,1.0,0.490765,0.002639,0.021108,bootstrap_cluster_share,True
BERTopic-METADATA-MULTILINGUAL,metadata,38,2024,379,3,0.007916,1.0,0.490765,0.0,0.01847,bootstrap_cluster_share,True
BERTopic-METADATA-MULTILINGUAL,metadata,39,2024,379,3,0.007916,0.923075,0.490765,0.0,0.015831,bootstrap_cluster_share,True
BERTopic-METADATA-MULTILINGUAL,metadata,4,2024,379,6,0.015831,0.41528,0.490765,0.005277,0.029024,bootstrap_cluster_share,True
BERTopic-METADATA-MULTILINGUAL,metadata,40,2024,379,4,0.010554,1.0,0.490765,0.002639,0.021108,bootstrap_cluster_share,True
BERTopic-METADATA-MULTILINGUAL,metadata,41,2024,379,1,0.002639,1.0,0.490765,0.0,0.007916,bootstrap_cluster_share,True
BERTopic-METADATA-MULTILINGUAL,metadata,5,2024,379,3,0.007916,0.387491,0.490765,0.0,0.015831,bootstrap_cluster_share,True
BERTopic-METADATA-MULTILINGUAL,metadata,6,2024,379,2,0.005277,0.595784,0.490765,0.0,0.013193,bootstrap_cluster_share,True
BERTopic-METADATA-MULTILINGUAL,metadata,7,2024,379,7,0.01847,0.400253,0.490765,0.005277,0.034301,bootstrap_cluster_share,True
BERTopic-METADATA-MULTILINGUAL,metadata,8,2024,379,6,0.015831,0.295349,0.490765,0.005277,0.029024,bootstrap_cluster_share,True
BERTopic-METADATA-MULTILINGUAL,metadata,9,2024,379,8,0.021108,0.46233,0.490765,0.007916,0.036939,bootstrap_cluster_share,True
BERTopic-METADATA-MULTILINGUAL,metadata,0,2025,389,9,0.023136,0.245289,0.521851,0.010283,0.03856,bootstrap_cluster_share,True
BERTopic-METADATA-MULTILINGUAL,metadata,1,2025,389,10,0.025707,0.630564,0.521851,0.012853,0.041131,bootstrap_cluster_share,True
BERTopic-METADATA-MULTILINGUAL,metadata,10,2025,389,7,0.017995,0.600287,0.521851,0.005141,0.030848,bootstrap_cluster_share,True
BERTopic-METADATA-MULTILINGUAL,metadata,11,2025,389,2,0.005141,0.617754,0.521851,0.0,0.012853,bootstrap_cluster_share,True
BERTopic-METADATA-MULTILINGUAL,metadata,12,2025,389,9,0.023136,0.646896,0.521851,0.010283,0.03856,bootstrap_cluster_share,True
BERTopic-METADATA-MULTILINGUAL,metadata,13,2025,389,9,0.023136,0.553407,0.521851,0.010283,0.03856,bootstrap_cluster_share,True
BERTopic-METADATA-MULTILINGUAL,metadata,14,2025,389,10,0.025707,0.613539,0.521851,0.010283,0.041131,bootstrap_cluster_share,True
BERTopic-METADATA-MULTILINGUAL,metadata,15,2025,389,2,0.005141,0.293452,0.521851,0.0,0.012853,bootstrap_cluster_share,True
BERTopic-METADATA-MULTILINGUAL,metadata,16,2025,389,4,0.010283,0.371479,0.521851,0.002571,0.020566,bootstrap_cluster_share,True
BERTopic-METADATA-MULTILINGUAL,metadata,17,2025,389,3,0.007712,0.556742,0.521851,0.0,0.017995,bootstrap_cluster_share,True
BERTopic-METADATA-MULTILINGUAL,metadata,18,2025,389,1,0.002571,0.076827,0.521851,0.0,0.007712,bootstrap_cluster_share,True
BERTopic-METADATA-MULTILINGUAL,metadata,19,2025,389,2,0.005141,0.736943,0.521851,0.0,0.015424,bootstrap_cluster_share,True
BERTopic-METADATA-MULTILINGUAL,metadata,2,2025,389,7,0.017995,0.199769,0.521851,0.007712,0.030848,bootstrap_cluster_share,True
BERTopic-METADATA-MULTILINGUAL,metadata,20,2025,389,6,0.015424,0.722612,0.521851,0.005141,0.030848,bootstrap_cluster_share,True
BERTopic-METADATA-MULTILINGUAL,metadata,21,2025,389,7,0.017995,0.642833,0.521851,0.005141,0.033419,bootstrap_cluster_share,True
BERTopic-METADATA-MULTILINGUAL,metadata,22,2025,389,2,0.005141,0.508193,0.521851,0.0,0.012853,bootstrap_cluster_share,True
BERTopic-METADATA-MULTILINGUAL,metadata,23,2025,389,8,0.020566,0.684239,0.521851,0.007712,0.03599,bootstrap_cluster_share,True
BERTopic-METADATA-MULTILINGUAL,metadata,24,2025,389,4,0.010283,0.940576,0.521851,0.002571,0.020566,bootstrap_cluster_share,True
BERTopic-METADATA-MULTILINGUAL,metadata,25,2025,389,1,0.002571,0.42623,0.521851,0.0,0.007712,bootstrap_cluster_share,True
BERTopic-METADATA-MULTILINGUAL,metadata,26,2025,389,2,0.005141,1.0,0.521851,0.0,0.012853,bootstrap_cluster_share,True
BERTopic-METADATA-MULTILINGUAL,metadata,27,2025,389,5,0.012853,0.694433,0.521851,0.002571,0.025707,bootstrap_cluster_share,True
BERTopic-METADATA-MULTILINGUAL,metadata,28,2025,389,2,0.005141,0.696706,0.521851,0.0,0.012853,bootstrap_cluster_share,True
BERTopic-METADATA-MULTILINGUAL,metadata,29,2025,389,4,0.010283,0.772504,0.521851,0.002571,0.020566,bootstrap_cluster_share,True
BERTopic-METADATA-MULTILINGUAL,metadata,3,2025,389,12,0.030848,0.32327,0.521851,0.015424,0.048843,bootstrap_cluster_share,True
BERTopic-METADATA-MULTILINGUAL,metadata,30,2025,389,3,0.007712,1.0,0.521851,0.0,0.015424,bootstrap_cluster_share,True
BERTopic-METADATA-MULTILINGUAL,metadata,31,2025,389,4,0.010283,1.0,0.521851,0.002571,0.020566,bootstrap_cluster_share,True
BERTopic-METADATA-MULTILINGUAL,metadata,32,2025,389,3,0.007712,0.625493,0.521851,0.0,0.017995,bootstrap_cluster_share,True
BERTopic-METADATA-MULTILINGUAL,metadata,33,2025,389,5,0.012853,1.0,0.521851,0.002571,0.025707,bootstrap_cluster_share,True
BERTopic-METADATA-MULTILINGUAL,metadata,34,2025,389,2,0.005141,1.0,0.521851,0.0,0.012853,bootstrap_cluster_share,True
BERTopic-METADATA-MULTILINGUAL,metadata,35,2025,389,4,0.010283,1.0,0.521851,0.002571,0.020566,bootstrap_cluster_share,True
BERTopic-METADATA-MULTILINGUAL,metadata,36,2025,389,0,0.0,0,0.521851,0.0,0.0,bootstrap_cluster_share,True
BERTopic-METADATA-MULTILINGUAL,metadata,37,2025,389,3,0.007712,0.746761,0.521851,0.0,0.017995,bootstrap_cluster_share,True
BERTopic-METADATA-MULTILINGUAL,metadata,38,2025,389,1,0.002571,1.0,0.521851,0.0,0.007712,bootstrap_cluster_share,True
BERTopic-METADATA-MULTILINGUAL,metadata,39,2025,389,2,0.005141,1.0,0.521851,0.0,0.012853,bootstrap_cluster_share,True
BERTopic-METADATA-MULTILINGUAL,metadata,4,2025,389,5,0.012853,0.368298,0.521851,0.002571,0.025707,bootstrap_cluster_share,True
BERTopic-METADATA-MULTILINGUAL,metadata,40,2025,389,1,0.002571,1.0,0.521851,0.0,0.007712,bootstrap_cluster_share,True
BERTopic-METADATA-MULTILINGUAL,metadata,41,2025,389,4,0.010283,1.0,0.521851,0.002571,0.020566,bootstrap_cluster_share,True
BERTopic-METADATA-MULTILINGUAL,metadata,5,2025,389,5,0.012853,0.345566,0.521851,0.002571,0.023136,bootstrap_cluster_share,True
BERTopic-METADATA-MULTILINGUAL,metadata,6,2025,389,1,0.002571,0.142731,0.521851,0.0,0.007712,bootstrap_cluster_share,True
BERTopic-METADATA-MULTILINGUAL,metadata,7,2025,389,10,0.025707,0.521686,0.521851,0.012853,0.041131,bootstrap_cluster_share,True
BERTopic-METADATA-MULTILINGUAL,metadata,8,2025,389,4,0.010283,0.759441,0.521851,0.002571,0.020566,bootstrap_cluster_share,True
BERTopic-METADATA-MULTILINGUAL,metadata,9,2025,389,1,0.002571,0.597801,0.521851,0.0,0.010283,bootstrap_cluster_share,True
BERTopic-METADATA-MULTILINGUAL,metadata,0,2026,147,8,0.054422,0.724102,0.591837,0.020408,0.095238,bootstrap_cluster_share,False
BERTopic-METADATA-MULTILINGUAL,metadata,1,2026,147,2,0.013605,0.209945,0.591837,0.0,0.034014,bootstrap_cluster_share,False
BERTopic-METADATA-MULTILINGUAL,metadata,10,2026,147,2,0.013605,0.14824,0.591837,0.0,0.034014,bootstrap_cluster_share,False
BERTopic-METADATA-MULTILINGUAL,metadata,11,2026,147,0,0.0,0,0.591837,0.0,0.0,bootstrap_cluster_share,False
BERTopic-METADATA-MULTILINGUAL,metadata,12,2026,147,0,0.0,0,0.591837,0.0,0.0,bootstrap_cluster_share,False
BERTopic-METADATA-MULTILINGUAL,metadata,13,2026,147,2,0.013605,0.678924,0.591837,0.0,0.034014,bootstrap_cluster_share,False
BERTopic-METADATA-MULTILINGUAL,metadata,14,2026,147,1,0.006803,1.0,0.591837,0.0,0.020408,bootstrap_cluster_share,False
BERTopic-METADATA-MULTILINGUAL,metadata,15,2026,147,0,0.0,0,0.591837,0.0,0.0,bootstrap_cluster_share,False
BERTopic-METADATA-MULTILINGUAL,metadata,16,2026,147,0,0.0,0,0.591837,0.0,0.0,bootstrap_cluster_share,False
BERTopic-METADATA-MULTILINGUAL,metadata,17,2026,147,1,0.006803,0.527741,0.591837,0.0,0.020408,bootstrap_cluster_share,False
BERTopic-METADATA-MULTILINGUAL,metadata,18,2026,147,0,0.0,0,0.591837,0.0,0.0,bootstrap_cluster_share,False
BERTopic-METADATA-MULTILINGUAL,metadata,19,2026,147,0,0.0,0,0.591837,0.0,0.0,bootstrap_cluster_share,False
BERTopic-METADATA-MULTILINGUAL,metadata,2,2026,147,0,0.0,0,0.591837,0.0,0.0,bootstrap_cluster_share,False
BERTopic-METADATA-MULTILINGUAL,metadata,20,2026,147,1,0.006803,1.0,0.591837,0.0,0.027211,bootstrap_cluster_share,False
BERTopic-METADATA-MULTILINGUAL,metadata,21,2026,147,3,0.020408,0.457645,0.591837,0.0,0.047619,bootstrap_cluster_share,False
BERTopic-METADATA-MULTILINGUAL,metadata,22,2026,147,0,0.0,0,0.591837,0.0,0.0,bootstrap_cluster_share,False
BERTopic-METADATA-MULTILINGUAL,metadata,23,2026,147,1,0.006803,0.108186,0.591837,0.0,0.020408,bootstrap_cluster_share,False
BERTopic-METADATA-MULTILINGUAL,metadata,24,2026,147,0,0.0,0,0.591837,0.0,0.0,bootstrap_cluster_share,False
BERTopic-METADATA-MULTILINGUAL,metadata,25,2026,147,0,0.0,0,0.591837,0.0,0.0,bootstrap_cluster_share,False
BERTopic-METADATA-MULTILINGUAL,metadata,26,2026,147,1,0.006803,1.0,0.591837,0.0,0.020408,bootstrap_cluster_share,False
BERTopic-METADATA-MULTILINGUAL,metadata,27,2026,147,2,0.013605,1.0,0.591837,0.0,0.034014,bootstrap_cluster_share,False
BERTopic-METADATA-MULTILINGUAL,metadata,28,2026,147,0,0.0,0,0.591837,0.0,0.0,bootstrap_cluster_share,False
BERTopic-METADATA-MULTILINGUAL,metadata,29,2026,147,1,0.006803,1.0,0.591837,0.0,0.020408,bootstrap_cluster_share,False
BERTopic-METADATA-MULTILINGUAL,metadata,3,2026,147,5,0.034014,0.677616,0.591837,0.013605,0.061224,bootstrap_cluster_share,False
BERTopic-METADATA-MULTILINGUAL,metadata,30,2026,147,0,0.0,0,0.591837,0.0,0.0,bootstrap_cluster_share,False
BERTopic-METADATA-MULTILINGUAL,metadata,31,2026,147,3,0.020408,0.957874,0.591837,0.0,0.047619,bootstrap_cluster_share,False
BERTopic-METADATA-MULTILINGUAL,metadata,32,2026,147,3,0.020408,0.913007,0.591837,0.0,0.047619,bootstrap_cluster_share,False
BERTopic-METADATA-MULTILINGUAL,metadata,33,2026,147,3,0.020408,0.482359,0.591837,0.0,0.047619,bootstrap_cluster_share,False
BERTopic-METADATA-MULTILINGUAL,metadata,34,2026,147,2,0.013605,0.646188,0.591837,0.0,0.034014,bootstrap_cluster_share,False
BERTopic-METADATA-MULTILINGUAL,metadata,35,2026,147,2,0.013605,1.0,0.591837,0.0,0.034014,bootstrap_cluster_share,False
BERTopic-METADATA-MULTILINGUAL,metadata,36,2026,147,2,0.013605,1.0,0.591837,0.0,0.034014,bootstrap_cluster_share,False
BERTopic-METADATA-MULTILINGUAL,metadata,37,2026,147,2,0.013605,0.586402,0.591837,0.0,0.034014,bootstrap_cluster_share,False
BERTopic-METADATA-MULTILINGUAL,metadata,38,2026,147,0,0.0,0,0.591837,0.0,0.0,bootstrap_cluster_share,False
BERTopic-METADATA-MULTILINGUAL,metadata,39,2026,147,0,0.0,0,0.591837,0.0,0.0,bootstrap_cluster_share,False
BERTopic-METADATA-MULTILINGUAL,metadata,4,2026,147,0,0.0,0,0.591837,0.0,0.0,bootstrap_cluster_share,False
BERTopic-METADATA-MULTILINGUAL,metadata,40,2026,147,0,0.0,0,0.591837,0.0,0.0,bootstrap_cluster_share,False
BERTopic-METADATA-MULTILINGUAL,metadata,41,2026,147,2,0.013605,1.0,0.591837,0.0,0.034014,bootstrap_cluster_share,False
BERTopic-METADATA-MULTILINGUAL,metadata,5,2026,147,1,0.006803,0.129989,0.591837,0.0,0.020408,bootstrap_cluster_share,False
BERTopic-METADATA-MULTILINGUAL,metadata,6,2026,147,0,0.0,0,0.591837,0.0,0.0,bootstrap_cluster_share,False
BERTopic-METADATA-MULTILINGUAL,metadata,7,2026,147,6,0.040816,0.113513,0.591837,0.013605,0.07483,bootstrap_cluster_share,False
BERTopic-METADATA-MULTILINGUAL,metadata,8,2026,147,4,0.027211,0.374965,0.591837,0.006803,0.054422,bootstrap_cluster_share,False
BERTopic-METADATA-MULTILINGUAL,metadata,9,2026,147,0,0.0,0,0.591837,0.0,0.0,bootstrap_cluster_share,False
