model,corpus,topic_id,rank,term,weight
BERTopic-METADATA-MULTILINGUAL,metadata,0,1,transformacional,0.2888491066261189
BERTopic-METADATA-MULTILINGUAL,metadata,0,2,liderazgo transformacional,0.2820027001528496
BERTopic-METADATA-MULTILINGUAL,metadata,0,3,liderazgo,0.2783800368248528
BERTopic-METADATA-MULTILINGUAL,metadata,0,4,liderazgo transformacional gestin,0.20165531345618484
BERTopic-METADATA-MULTILINGUAL,metadata,0,5,transformacional gestin,0.20165531345618484
BERTopic-METADATA-MULTILINGUAL,metadata,0,6,directivos,0.1952786613412235
BERTopic-METADATA-MULTILINGUAL,metadata,0,7,distribuido,0.1920362995408152
BERTopic-METADATA-MULTILINGUAL,metadata,0,8,direccin,0.18640100727610592
BERTopic-METADATA-MULTILINGUAL,metadata,0,9,transformacional gestin educativa,0.18349318489817815
BERTopic-METADATA-MULTILINGUAL,metadata,0,10,direccin escolar,0.17625356010329893
BERTopic-METADATA-MULTILINGUAL,metadata,1,1,padres,0.3854418519490676
BERTopic-METADATA-MULTILINGUAL,metadata,1,2,familia,0.36289967926056876
BERTopic-METADATA-MULTILINGUAL,metadata,1,3,parental,0.3438720845247439
BERTopic-METADATA-MULTILINGUAL,metadata,1,4,padres familia,0.34328943339028517
BERTopic-METADATA-MULTILINGUAL,metadata,1,5,parents,0.3384107619785267
BERTopic-METADATA-MULTILINGUAL,metadata,1,6,parental involvement,0.32043267399377645
BERTopic-METADATA-MULTILINGUAL,metadata,1,7,participacin padres,0.31209753099529164
BERTopic-METADATA-MULTILINGUAL,metadata,1,8,involvement,0.2893921675853156
BERTopic-METADATA-MULTILINGUAL,metadata,1,9,participacin,0.2533440388895234
BERTopic-METADATA-MULTILINGUAL,metadata,1,10,satisfaccin,0.24223088731411022
BERTopic-METADATA-MULTILINGUAL,metadata,2,1,paulo freire,0.22361023659310278
BERTopic-METADATA-MULTILINGUAL,metadata,2,2,freire,0.21476581053177285
BERTopic-METADATA-MULTILINGUAL,metadata,2,3,complejidad,0.2133470439100555
BERTopic-METADATA-MULTILINGUAL,metadata,2,4,paulo,0.2117076292777098
BERTopic-METADATA-MULTILINGUAL,metadata,2,5,filosofa,0.2078015987119094
BERTopic-METADATA-MULTILINGUAL,metadata,2,6,pedaggica,0.19734025674552866
BERTopic-METADATA-MULTILINGUAL,metadata,2,7,cursos,0.19593801809731798
BERTopic-METADATA-MULTILINGUAL,metadata,2,8,distancia,0.19291528802109614
BERTopic-METADATA-MULTILINGUAL,metadata,2,9,epistemolgica,0.18964178178488844
BERTopic-METADATA-MULTILINGUAL,metadata,2,10,trabajo colegiado,0.1869598047910738
BERTopic-METADATA-MULTILINGUAL,metadata,3,1,artificial,0.4625737780764896
BERTopic-METADATA-MULTILINGUAL,metadata,3,2,ia,0.451942982034856
BERTopic-METADATA-MULTILINGUAL,metadata,3,3,inteligencia artificial,0.4171798684430423
BERTopic-METADATA-MULTILINGUAL,metadata,3,4,inteligencia,0.4115278218601629
BERTopic-METADATA-MULTILINGUAL,metadata,3,5,ai,0.4029123175023571
BERTopic-METADATA-MULTILINGUAL,metadata,3,6,intelligence,0.3324821868996912
BERTopic-METADATA-MULTILINGUAL,metadata,3,7,artificial intelligence,0.32590170642589217
BERTopic-METADATA-MULTILINGUAL,metadata,3,8,machine learning,0.24691139346017985
BERTopic-METADATA-MULTILINGUAL,metadata,3,9,inteligencia artificial ia,0.24502099468909677
BERTopic-METADATA-MULTILINGUAL,metadata,3,10,artificial ia,0.24502099468909677
BERTopic-METADATA-MULTILINGUAL,metadata,4,1,boarding,0.5323366308386878
BERTopic-METADATA-MULTILINGUAL,metadata,4,2,islamic,0.5100647288439872
BERTopic-METADATA-MULTILINGUAL,metadata,4,3,islamic boarding,0.4847633583350749
BERTopic-METADATA-MULTILINGUAL,metadata,4,4,boarding school,0.4733775542881123
BERTopic-METADATA-MULTILINGUAL,metadata,4,5,character,0.39364748761978524
BERTopic-METADATA-MULTILINGUAL,metadata,4,6,boarding schools,0.3619247136042764
BERTopic-METADATA-MULTILINGUAL,metadata,4,7,boarding school management,0.3396786162254813
BERTopic-METADATA-MULTILINGUAL,metadata,4,8,islamic boarding schools,0.3396786162254813
BERTopic-METADATA-MULTILINGUAL,metadata,4,9,islam,0.3289673398007987
BERTopic-METADATA-MULTILINGUAL,metadata,4,10,religious,0.3177450940906087
BERTopic-METADATA-MULTILINGUAL,metadata,5,1,job,0.3877939214921482
BERTopic-METADATA-MULTILINGUAL,metadata,5,2,satisfaction,0.3739778199715476
BERTopic-METADATA-MULTILINGUAL,metadata,5,3,job satisfaction,0.35131080298860695
BERTopic-METADATA-MULTILINGUAL,metadata,5,4,motivation,0.30371251145952577
BERTopic-METADATA-MULTILINGUAL,metadata,5,5,teachers,0.28415512747117677
BERTopic-METADATA-MULTILINGUAL,metadata,5,6,performance,0.277824079644748
BERTopic-METADATA-MULTILINGUAL,metadata,5,7,stress,0.2670793670907118
BERTopic-METADATA-MULTILINGUAL,metadata,5,8,teacher,0.26412308272834367
BERTopic-METADATA-MULTILINGUAL,metadata,5,9,effect,0.2553249762699992
BERTopic-METADATA-MULTILINGUAL,metadata,5,10,school teachers,0.25522317614634465
BERTopic-METADATA-MULTILINGUAL,metadata,6,1,covid19,0.47720122652327324
BERTopic-METADATA-MULTILINGUAL,metadata,6,2,pandemic,0.43321225064554736
BERTopic-METADATA-MULTILINGUAL,metadata,6,3,coronavirus,0.3864896225039974
BERTopic-METADATA-MULTILINGUAL,metadata,6,4,disease,0.35999543380618415
BERTopic-METADATA-MULTILINGUAL,metadata,6,5,covid19 pandemic,0.34476662325767476
BERTopic-METADATA-MULTILINGUAL,metadata,6,6,disease covid19,0.34039858457480415
BERTopic-METADATA-MULTILINGUAL,metadata,6,7,coronavirus disease,0.33460418985384
BERTopic-METADATA-MULTILINGUAL,metadata,6,8,coronavirus disease covid19,0.33343078767414375
BERTopic-METADATA-MULTILINGUAL,metadata,6,9,during,0.321141255129466
BERTopic-METADATA-MULTILINGUAL,metadata,6,10,during covid19,0.29845222632626767
BERTopic-METADATA-MULTILINGUAL,metadata,7,1,rurales,0.34099826252175064
BERTopic-METADATA-MULTILINGUAL,metadata,7,2,rural,0.32582472381848676
BERTopic-METADATA-MULTILINGUAL,metadata,7,3,indgena,0.27349098583235804
BERTopic-METADATA-MULTILINGUAL,metadata,7,4,escuelas rurales,0.2558892927301846
BERTopic-METADATA-MULTILINGUAL,metadata,7,5,escuela rural,0.24843054695892886
BERTopic-METADATA-MULTILINGUAL,metadata,7,6,convivencia,0.24594960026321444
BERTopic-METADATA-MULTILINGUAL,metadata,7,7,comunidades,0.24403119426955477
BERTopic-METADATA-MULTILINGUAL,metadata,7,8,comunidad,0.2439712278365126
BERTopic-METADATA-MULTILINGUAL,metadata,7,9,contexto,0.2416268234838738
BERTopic-METADATA-MULTILINGUAL,metadata,7,10,escuela,0.22730479108471818
BERTopic-METADATA-MULTILINGUAL,metadata,8,1,buenos aires,0.3525860167561357
BERTopic-METADATA-MULTILINGUAL,metadata,8,2,aires,0.3525860167561357
BERTopic-METADATA-MULTILINGUAL,metadata,8,3,buenos,0.34756050725401927
BERTopic-METADATA-MULTILINGUAL,metadata,8,4,argentina,0.343274041297025
BERTopic-METADATA-MULTILINGUAL,metadata,8,5,crdoba,0.2997201492431326
BERTopic-METADATA-MULTILINGUAL,metadata,8,6,provincia buenos,0.2730157843046809
BERTopic-METADATA-MULTILINGUAL,metadata,8,7,provincia buenos aires,0.2730157843046809
BERTopic-METADATA-MULTILINGUAL,metadata,8,8,provincia,0.2641344796173534
BERTopic-METADATA-MULTILINGUAL,metadata,8,9,provincial,0.22366765154109236
BERTopic-METADATA-MULTILINGUAL,metadata,8,10,xx,0.2235373484402884
BERTopic-METADATA-MULTILINGUAL,metadata,9,1,leadership,0.33126826639534585
BERTopic-METADATA-MULTILINGUAL,metadata,9,2,educational leadership,0.3006663401229818
BERTopic-METADATA-MULTILINGUAL,metadata,9,3,followers,0.26085145171690177
BERTopic-METADATA-MULTILINGUAL,metadata,9,4,educational,0.2583597040957471
BERTopic-METADATA-MULTILINGUAL,metadata,9,5,leadership theory,0.24952173697794133
BERTopic-METADATA-MULTILINGUAL,metadata,9,6,leader,0.2491847890426809
BERTopic-METADATA-MULTILINGUAL,metadata,9,7,flourishing,0.24239263556859553
BERTopic-METADATA-MULTILINGUAL,metadata,9,8,standards,0.23667404065269212
BERTopic-METADATA-MULTILINGUAL,metadata,9,9,style,0.23667114900951683
BERTopic-METADATA-MULTILINGUAL,metadata,9,10,maturity,0.23207328001387648
BERTopic-METADATA-MULTILINGUAL,metadata,10,1,women,0.46061004773034436
BERTopic-METADATA-MULTILINGUAL,metadata,10,2,gender,0.40367866930450047
BERTopic-METADATA-MULTILINGUAL,metadata,10,3,female,0.3106100471363048
BERTopic-METADATA-MULTILINGUAL,metadata,10,4,sexual,0.3048214857333675
BERTopic-METADATA-MULTILINGUAL,metadata,10,5,gnero,0.2902035020013078
BERTopic-METADATA-MULTILINGUAL,metadata,10,6,womens,0.2786738999947064
BERTopic-METADATA-MULTILINGUAL,metadata,10,7,leadership positions,0.2786738999947064
BERTopic-METADATA-MULTILINGUAL,metadata,10,8,positions,0.2687073467467184
BERTopic-METADATA-MULTILINGUAL,metadata,10,9,equality,0.2594399909361847
BERTopic-METADATA-MULTILINGUAL,metadata,10,10,mujeres,0.2557287091114284
BERTopic-METADATA-MULTILINGUAL,metadata,11,1,amp,0.30364030458444385
BERTopic-METADATA-MULTILINGUAL,metadata,11,2,leadership,0.2926262521100888
BERTopic-METADATA-MULTILINGUAL,metadata,11,3,style,0.28763232275942513
BERTopic-METADATA-MULTILINGUAL,metadata,11,4,styles,0.27145650186012593
BERTopic-METADATA-MULTILINGUAL,metadata,11,5,leadership style,0.26822652504769506
BERTopic-METADATA-MULTILINGUAL,metadata,11,6,organizational,0.2572405041986129
BERTopic-METADATA-MULTILINGUAL,metadata,11,7,journal,0.25621008436343096
BERTopic-METADATA-MULTILINGUAL,metadata,11,8,democratic leadership,0.2553393581315227
BERTopic-METADATA-MULTILINGUAL,metadata,11,9,educational leadership,0.24704261172274247
BERTopic-METADATA-MULTILINGUAL,metadata,11,10,instructional,0.24491824767558393
BERTopic-METADATA-MULTILINGUAL,metadata,12,1,ict,0.3741242108761525
BERTopic-METADATA-MULTILINGUAL,metadata,12,2,information,0.3615345538361935
BERTopic-METADATA-MULTILINGUAL,metadata,12,3,technology,0.35255818233365
BERTopic-METADATA-MULTILINGUAL,metadata,12,4,tic,0.33012124477733623
BERTopic-METADATA-MULTILINGUAL,metadata,12,5,integration,0.2607574860377989
BERTopic-METADATA-MULTILINGUAL,metadata,12,6,tecnologas,0.25782485172117137
BERTopic-METADATA-MULTILINGUAL,metadata,12,7,uso,0.25667134021880283
BERTopic-METADATA-MULTILINGUAL,metadata,12,8,information literacy,0.24208009110547396
BERTopic-METADATA-MULTILINGUAL,metadata,12,9,management information,0.2357628343426514
BERTopic-METADATA-MULTILINGUAL,metadata,12,10,ict integration,0.23576096816007644
BERTopic-METADATA-MULTILINGUAL,metadata,13,1,digital,0.5080608245599982
BERTopic-METADATA-MULTILINGUAL,metadata,13,2,digital transformation,0.36905366293376846
BERTopic-METADATA-MULTILINGUAL,metadata,13,3,transformation,0.3428249564159052
BERTopic-METADATA-MULTILINGUAL,metadata,13,4,era,0.29374642716197863
BERTopic-METADATA-MULTILINGUAL,metadata,13,5,digital era,0.29212014704027417
BERTopic-METADATA-MULTILINGUAL,metadata,13,6,transformacin digital,0.27034439561908674
BERTopic-METADATA-MULTILINGUAL,metadata,13,7,digitales,0.2682154616079033
BERTopic-METADATA-MULTILINGUAL,metadata,13,8,digital leadership,0.2515309170469341
BERTopic-METADATA-MULTILINGUAL,metadata,13,9,talent,0.23037747926288035
BERTopic-METADATA-MULTILINGUAL,metadata,13,10,school management during,0.22731403503249228
BERTopic-METADATA-MULTILINGUAL,metadata,14,1,bullying,0.3907294182339058
BERTopic-METADATA-MULTILINGUAL,metadata,14,2,violencia,0.32279580207543973
BERTopic-METADATA-MULTILINGUAL,metadata,14,3,prevention,0.3102688865294585
BERTopic-METADATA-MULTILINGUAL,metadata,14,4,suicide,0.3052188291340258
BERTopic-METADATA-MULTILINGUAL,metadata,14,5,convivencia,0.26303334874295287
BERTopic-METADATA-MULTILINGUAL,metadata,14,6,violencia escolar,0.25534987995668923
BERTopic-METADATA-MULTILINGUAL,metadata,14,7,conflictos,0.24277677462722472
BERTopic-METADATA-MULTILINGUAL,metadata,14,8,prevalence,0.23732275434239936
BERTopic-METADATA-MULTILINGUAL,metadata,14,9,familiar,0.23501967499218354
BERTopic-METADATA-MULTILINGUAL,metadata,14,10,preventing,0.23311473133874439
BERTopic-METADATA-MULTILINGUAL,metadata,15,1,quality,0.4084506467093001
BERTopic-METADATA-MULTILINGUAL,metadata,15,2,quality management,0.40000312485584427
BERTopic-METADATA-MULTILINGUAL,metadata,15,3,total quality management,0.3443098885346882
BERTopic-METADATA-MULTILINGUAL,metadata,15,4,total quality,0.3443098885346882
BERTopic-METADATA-MULTILINGUAL,metadata,15,5,quality education,0.28142228581080436
BERTopic-METADATA-MULTILINGUAL,metadata,15,6,vocational,0.2724490288335679
BERTopic-METADATA-MULTILINGUAL,metadata,15,7,model school,0.27118184687831876
BERTopic-METADATA-MULTILINGUAL,metadata,15,8,total,0.26166221463313677
BERTopic-METADATA-MULTILINGUAL,metadata,15,9,model,0.260502743841852
BERTopic-METADATA-MULTILINGUAL,metadata,15,10,school quality,0.24770090668677844
BERTopic-METADATA-MULTILINGUAL,metadata,16,1,democrtica,0.49703309490249337
BERTopic-METADATA-MULTILINGUAL,metadata,16,2,democratic,0.4192751729367899
BERTopic-METADATA-MULTILINGUAL,metadata,16,3,democracy,0.3873924589332437
BERTopic-METADATA-MULTILINGUAL,metadata,16,4,gesto,0.3851927993283342
BERTopic-METADATA-MULTILINGUAL,metadata,16,5,gestin democrtica,0.38140903482949995
BERTopic-METADATA-MULTILINGUAL,metadata,16,6,democratic management,0.371630573445592
BERTopic-METADATA-MULTILINGUAL,metadata,16,7,gesto democrtica,0.36800730054062625
BERTopic-METADATA-MULTILINGUAL,metadata,16,8,democracia,0.3478067274036494
BERTopic-METADATA-MULTILINGUAL,metadata,16,9,mato,0.31693003705980416
BERTopic-METADATA-MULTILINGUAL,metadata,16,10,grosso,0.30786078625680763
BERTopic-METADATA-MULTILINGUAL,metadata,17,1,ambiental,0.47441398896803294
BERTopic-METADATA-MULTILINGUAL,metadata,17,2,waste,0.4561248208419199
BERTopic-METADATA-MULTILINGUAL,metadata,17,3,environmental,0.3774727001550759
BERTopic-METADATA-MULTILINGUAL,metadata,17,4,wa,0.3628851951858791
BERTopic-METADATA-MULTILINGUAL,metadata,17,5,senior high schools,0.3599385991821095
BERTopic-METADATA-MULTILINGUAL,metadata,17,6,wa municipality,0.35696201704495
BERTopic-METADATA-MULTILINGUAL,metadata,17,7,schools within,0.343402647055887
BERTopic-METADATA-MULTILINGUAL,metadata,17,8,desarrollo sostenible,0.34247644683184847
BERTopic-METADATA-MULTILINGUAL,metadata,17,9,municipality,0.3335450056285173
BERTopic-METADATA-MULTILINGUAL,metadata,17,10,sostenible,0.33189581684866654
BERTopic-METADATA-MULTILINGUAL,metadata,18,1,black,0.5570582653759912
BERTopic-METADATA-MULTILINGUAL,metadata,18,2,racism,0.527663322487982
BERTopic-METADATA-MULTILINGUAL,metadata,18,3,race,0.4833951657963314
BERTopic-METADATA-MULTILINGUAL,metadata,18,4,racial,0.4205874004861369
BERTopic-METADATA-MULTILINGUAL,metadata,18,5,antiracist,0.4080297122372468
BERTopic-METADATA-MULTILINGUAL,metadata,18,6,white,0.4016241206535967
BERTopic-METADATA-MULTILINGUAL,metadata,18,7,critical race,0.3989600979506017
BERTopic-METADATA-MULTILINGUAL,metadata,18,8,privilege,0.38475785201102547
BERTopic-METADATA-MULTILINGUAL,metadata,18,9,race theory,0.3773270814317598
BERTopic-METADATA-MULTILINGUAL,metadata,18,10,critical race theory,0.3773270814317598
BERTopic-METADATA-MULTILINGUAL,metadata,19,1,system,0.51072437155676
BERTopic-METADATA-MULTILINGUAL,metadata,19,2,management system,0.4294169697606757
BERTopic-METADATA-MULTILINGUAL,metadata,19,3,school management system,0.4059456709879772
BERTopic-METADATA-MULTILINGUAL,metadata,19,4,information,0.37893447850344986
BERTopic-METADATA-MULTILINGUAL,metadata,19,5,management information,0.34457790384380277
BERTopic-METADATA-MULTILINGUAL,metadata,19,6,application,0.3399395600098641
BERTopic-METADATA-MULTILINGUAL,metadata,19,7,information system,0.33669612528662785
BERTopic-METADATA-MULTILINGUAL,metadata,19,8,management information system,0.3363671471945891
BERTopic-METADATA-MULTILINGUAL,metadata,19,9,web,0.3362625761393732
BERTopic-METADATA-MULTILINGUAL,metadata,19,10,engineering,0.3254423454043959
BERTopic-METADATA-MULTILINGUAL,metadata,20,1,calidad,0.27240111902602065
BERTopic-METADATA-MULTILINGUAL,metadata,20,2,calidad educativa,0.2652109813195087
BERTopic-METADATA-MULTILINGUAL,metadata,20,3,strategic planning,0.2499906999615061
BERTopic-METADATA-MULTILINGUAL,metadata,20,4,strategic,0.22333375278714515
BERTopic-METADATA-MULTILINGUAL,metadata,20,5,calidad educacin,0.22275539650116122
BERTopic-METADATA-MULTILINGUAL,metadata,20,6,rendimiento acadmico,0.2184762061232258
BERTopic-METADATA-MULTILINGUAL,metadata,20,7,estrategias gestin educativa,0.21813057512183232
BERTopic-METADATA-MULTILINGUAL,metadata,20,8,educational quality,0.21401829818360524
BERTopic-METADATA-MULTILINGUAL,metadata,20,9,resourceconstrained,0.2135802869871179
BERTopic-METADATA-MULTILINGUAL,metadata,20,10,society,0.20695980861225874
BERTopic-METADATA-MULTILINGUAL,metadata,21,1,calidad,0.3449255725915672
BERTopic-METADATA-MULTILINGUAL,metadata,21,2,calidad servicio,0.32606058654214976
BERTopic-METADATA-MULTILINGUAL,metadata,21,3,calidad educativa,0.3242014301153638
BERTopic-METADATA-MULTILINGUAL,metadata,21,4,gestin escolar calidad,0.3013926795509887
BERTopic-METADATA-MULTILINGUAL,metadata,21,5,escolar calidad,0.30113473929866325
BERTopic-METADATA-MULTILINGUAL,metadata,21,6,servicio,0.2982680589331277
BERTopic-METADATA-MULTILINGUAL,metadata,21,7,calidad servicio educativo,0.28948574847379577
BERTopic-METADATA-MULTILINGUAL,metadata,21,8,servicio educativo,0.27596931384248835
BERTopic-METADATA-MULTILINGUAL,metadata,21,9,educativa calidad,0.2744961028522651
BERTopic-METADATA-MULTILINGUAL,metadata,21,10,ptsmc,0.2687049912157367
BERTopic-METADATA-MULTILINGUAL,metadata,22,1,muslim,0.45081454815321603
BERTopic-METADATA-MULTILINGUAL,metadata,22,2,islamic,0.4089710362057863
BERTopic-METADATA-MULTILINGUAL,metadata,22,3,ethical,0.3458744024620667
BERTopic-METADATA-MULTILINGUAL,metadata,22,4,leadership,0.3217354452490887
BERTopic-METADATA-MULTILINGUAL,metadata,22,5,educational leadership,0.31411851591308015
BERTopic-METADATA-MULTILINGUAL,metadata,22,6,islamic school,0.28549066389832223
BERTopic-METADATA-MULTILINGUAL,metadata,22,7,secular,0.2850831121021528
BERTopic-METADATA-MULTILINGUAL,metadata,22,8,beliefs,0.2743817746019351
BERTopic-METADATA-MULTILINGUAL,metadata,22,9,educational,0.27302388896826046
BERTopic-METADATA-MULTILINGUAL,metadata,22,10,country,0.2719239334973239
BERTopic-METADATA-MULTILINGUAL,metadata,23,1,callao,0.37408402241190136
BERTopic-METADATA-MULTILINGUAL,metadata,23,2,instituciones educativas pblicas,0.259405174423035
BERTopic-METADATA-MULTILINGUAL,metadata,23,3,educativas pblicas,0.2588522778379344
BERTopic-METADATA-MULTILINGUAL,metadata,23,4,responsabilidad social,0.2575642523709485
BERTopic-METADATA-MULTILINGUAL,metadata,23,5,pblicas,0.25554566085828734
BERTopic-METADATA-MULTILINGUAL,metadata,23,6,objetivo desarrollo sostenible,0.25474449741510663
BERTopic-METADATA-MULTILINGUAL,metadata,23,7,objetivo desarrollo,0.25344694936973705
BERTopic-METADATA-MULTILINGUAL,metadata,23,8,desarrollo sostenible,0.24764424783326924
BERTopic-METADATA-MULTILINGUAL,metadata,23,9,polticas pblicas educativas,0.23600560012346875
BERTopic-METADATA-MULTILINGUAL,metadata,23,10,pblicas educativas,0.23600560012346875
BERTopic-METADATA-MULTILINGUAL,metadata,24,1,pandemia,0.41892575839619267
BERTopic-METADATA-MULTILINGUAL,metadata,24,2,ncds,0.33910015756188
BERTopic-METADATA-MULTILINGUAL,metadata,24,3,mendoza,0.315126695174708
BERTopic-METADATA-MULTILINGUAL,metadata,24,4,tiempos pandemia,0.28147597697377563
BERTopic-METADATA-MULTILINGUAL,metadata,24,5,postpandemia,0.28061119010782626
BERTopic-METADATA-MULTILINGUAL,metadata,24,6,desafos gestin,0.27502554389072814
BERTopic-METADATA-MULTILINGUAL,metadata,24,7,malestar,0.2616750809475131
BERTopic-METADATA-MULTILINGUAL,metadata,24,8,pandemic,0.2588797901478404
BERTopic-METADATA-MULTILINGUAL,metadata,24,9,trajectories,0.24598468065161416
BERTopic-METADATA-MULTILINGUAL,metadata,24,10,tiempos,0.2458863431930717
BERTopic-METADATA-MULTILINGUAL,metadata,25,1,academic performance,0.38766049116986756
BERTopic-METADATA-MULTILINGUAL,metadata,25,2,grants,0.3517099859414123
BERTopic-METADATA-MULTILINGUAL,metadata,25,3,county,0.3370375795048538
BERTopic-METADATA-MULTILINGUAL,metadata,25,4,tanzania,0.3356702896306848
BERTopic-METADATA-MULTILINGUAL,metadata,25,5,academic,0.33531129746959454
BERTopic-METADATA-MULTILINGUAL,metadata,25,6,students academic,0.31297251624075995
BERTopic-METADATA-MULTILINGUAL,metadata,25,7,students academic performance,0.3062926724026357
BERTopic-METADATA-MULTILINGUAL,metadata,25,8,head teachers,0.30187387181517034
BERTopic-METADATA-MULTILINGUAL,metadata,25,9,head,0.30119952298951347
BERTopic-METADATA-MULTILINGUAL,metadata,25,10,pupils,0.3008923935494622
BERTopic-METADATA-MULTILINGUAL,metadata,26,1,mxico,0.29024048274252334
BERTopic-METADATA-MULTILINGUAL,metadata,26,2,x0d,0.26010193412034915
BERTopic-METADATA-MULTILINGUAL,metadata,26,3,agentes educativos,0.25934040957523663
BERTopic-METADATA-MULTILINGUAL,metadata,26,4,educativos sobre,0.25934040957523663
BERTopic-METADATA-MULTILINGUAL,metadata,26,5,nueva,0.2556928996720569
BERTopic-METADATA-MULTILINGUAL,metadata,26,6,artculo investigacin,0.2555171599586134
BERTopic-METADATA-MULTILINGUAL,metadata,26,7,mexicana,0.2551989923586529
BERTopic-METADATA-MULTILINGUAL,metadata,26,8,educativo,0.25517927096896226
BERTopic-METADATA-MULTILINGUAL,metadata,26,9,liderazgo,0.24732816239507963
BERTopic-METADATA-MULTILINGUAL,metadata,26,10,liderazgo educativo,0.24664921037773857
BERTopic-METADATA-MULTILINGUAL,metadata,27,1,innovacin,0.41301145850319926
BERTopic-METADATA-MULTILINGUAL,metadata,27,2,estrategias,0.3258102464264437
BERTopic-METADATA-MULTILINGUAL,metadata,27,3,entrepreneurship education,0.314461613020977
BERTopic-METADATA-MULTILINGUAL,metadata,27,4,innovadoras,0.3123116130824202
BERTopic-METADATA-MULTILINGUAL,metadata,27,5,innovacin gestin,0.30329119378432
BERTopic-METADATA-MULTILINGUAL,metadata,27,6,emprendedor,0.28329793416693705
BERTopic-METADATA-MULTILINGUAL,metadata,27,7,gestin conocimiento,0.28039316896265915
BERTopic-METADATA-MULTILINGUAL,metadata,27,8,siglo xxi,0.2796425531646063
BERTopic-METADATA-MULTILINGUAL,metadata,27,9,entrepreneurship,0.2784251772416212
BERTopic-METADATA-MULTILINGUAL,metadata,27,10,innovacin educativa,0.2784251772416212
BERTopic-METADATA-MULTILINGUAL,metadata,28,1,director,0.3177530526087684
BERTopic-METADATA-MULTILINGUAL,metadata,28,2,curriculum implementation,0.31584734936264663
BERTopic-METADATA-MULTILINGUAL,metadata,28,3,multigrado,0.3087513126177299
BERTopic-METADATA-MULTILINGUAL,metadata,28,4,director escolar,0.30260552919161415
BERTopic-METADATA-MULTILINGUAL,metadata,28,5,buenas prcticas,0.28207453072111754
BERTopic-METADATA-MULTILINGUAL,metadata,28,6,educativas especiales,0.2762397906067252
BERTopic-METADATA-MULTILINGUAL,metadata,28,7,necesidades educativas especiales,0.2762397906067252
BERTopic-METADATA-MULTILINGUAL,metadata,28,8,buenas,0.27525068499755373
BERTopic-METADATA-MULTILINGUAL,metadata,28,9,alumnado,0.2707261474667026
BERTopic-METADATA-MULTILINGUAL,metadata,28,10,liderazgo pedaggico,0.26903140240465406
BERTopic-METADATA-MULTILINGUAL,metadata,29,1,prcticas inclusivas,0.43717860336750153
BERTopic-METADATA-MULTILINGUAL,metadata,29,2,inclusivas,0.41499632455802976
BERTopic-METADATA-MULTILINGUAL,metadata,29,3,inclusin,0.39073948043963896
BERTopic-METADATA-MULTILINGUAL,metadata,29,4,inclusiva,0.3845352322365198
BERTopic-METADATA-MULTILINGUAL,metadata,29,5,educacin inclusiva,0.3784410914866232
BERTopic-METADATA-MULTILINGUAL,metadata,29,6,ndice inclusin,0.3037074357839216
BERTopic-METADATA-MULTILINGUAL,metadata,29,7,inclusiva desde,0.28699615560145647
BERTopic-METADATA-MULTILINGUAL,metadata,29,8,educacin inclusiva desde,0.28699615560145647
BERTopic-METADATA-MULTILINGUAL,metadata,29,9,prcticas,0.2745619449612972
BERTopic-METADATA-MULTILINGUAL,metadata,29,10,flexibilizacin,0.26837545363727355
BERTopic-METADATA-MULTILINGUAL,metadata,30,1,directivo,0.3541747504664134
BERTopic-METADATA-MULTILINGUAL,metadata,30,2,rs,0.33962144284428114
BERTopic-METADATA-MULTILINGUAL,metadata,30,3,directivo gestin educativa,0.3353179699793592
BERTopic-METADATA-MULTILINGUAL,metadata,30,4,liderazgo directivo,0.3327503851333691
BERTopic-METADATA-MULTILINGUAL,metadata,30,5,ayacucho,0.3313461236748913
BERTopic-METADATA-MULTILINGUAL,metadata,30,6,directivo gestin,0.3287353359550609
BERTopic-METADATA-MULTILINGUAL,metadata,30,7,desempeo directivo,0.32235496751857995
BERTopic-METADATA-MULTILINGUAL,metadata,30,8,tiene nivel,0.30747828171752445
BERTopic-METADATA-MULTILINGUAL,metadata,30,9,gestin educativa instituciones,0.29523123249736616
BERTopic-METADATA-MULTILINGUAL,metadata,30,10,desempeo directivo gestin,0.2897774327701998
BERTopic-METADATA-MULTILINGUAL,metadata,31,1,inteligencia emocional,0.5226007962341712
BERTopic-METADATA-MULTILINGUAL,metadata,31,2,emotional,0.5051440642162642
BERTopic-METADATA-MULTILINGUAL,metadata,31,3,emocional,0.5005159446070486
BERTopic-METADATA-MULTILINGUAL,metadata,31,4,ei,0.46692335058245493
BERTopic-METADATA-MULTILINGUAL,metadata,31,5,emotional intelligence,0.4298388392132757
BERTopic-METADATA-MULTILINGUAL,metadata,31,6,inteligencia,0.4056445657008921
BERTopic-METADATA-MULTILINGUAL,metadata,31,7,emotions,0.3936310429769636
BERTopic-METADATA-MULTILINGUAL,metadata,31,8,inteligencia emocional gestin,0.33052168557553757
BERTopic-METADATA-MULTILINGUAL,metadata,31,9,emocional gestin,0.3251624121694487
BERTopic-METADATA-MULTILINGUAL,metadata,31,10,intelligence,0.31535735572169976
BERTopic-METADATA-MULTILINGUAL,metadata,32,1,ecuador,0.4458926218683682
BERTopic-METADATA-MULTILINGUAL,metadata,32,2,estrategias gestin,0.2880548190346407
BERTopic-METADATA-MULTILINGUAL,metadata,32,3,gestin educativa eficiente,0.2859026937402963
BERTopic-METADATA-MULTILINGUAL,metadata,32,4,educativa eficiente,0.2859026937402963
BERTopic-METADATA-MULTILINGUAL,metadata,32,5,estrategias gestin educativa,0.265471706569596
BERTopic-METADATA-MULTILINGUAL,metadata,32,6,educativas ecuador,0.26099225768841894
BERTopic-METADATA-MULTILINGUAL,metadata,32,7,norma,0.25714465618742954
BERTopic-METADATA-MULTILINGUAL,metadata,32,8,eficiente,0.2571382605994127
BERTopic-METADATA-MULTILINGUAL,metadata,32,9,education centers,0.2536643837814822
BERTopic-METADATA-MULTILINGUAL,metadata,32,10,early,0.23839964873772643
BERTopic-METADATA-MULTILINGUAL,metadata,33,1,figuras,0.4108197410236764
BERTopic-METADATA-MULTILINGUAL,metadata,33,2,narrativas,0.4108197410236764
BERTopic-METADATA-MULTILINGUAL,metadata,33,3,lenguaje,0.36472864598765836
BERTopic-METADATA-MULTILINGUAL,metadata,33,4,comprensin lectora,0.33061963243961545
BERTopic-METADATA-MULTILINGUAL,metadata,33,5,lectora,0.3204637392192909
BERTopic-METADATA-MULTILINGUAL,metadata,33,6,figures,0.31172160158881107
BERTopic-METADATA-MULTILINGUAL,metadata,33,7,mg,0.31172160158881107
BERTopic-METADATA-MULTILINGUAL,metadata,33,8,narrative,0.30907302409093074
BERTopic-METADATA-MULTILINGUAL,metadata,33,9,educadoras,0.306094301092009
BERTopic-METADATA-MULTILINGUAL,metadata,33,10,lingsticas,0.3011311076944525
BERTopic-METADATA-MULTILINGUAL,metadata,34,1,compromisos gestin escolar,0.3166268872376562
BERTopic-METADATA-MULTILINGUAL,metadata,34,2,compromisos gestin,0.31344444589840614
BERTopic-METADATA-MULTILINGUAL,metadata,34,3,compromisos,0.3094535728635785
BERTopic-METADATA-MULTILINGUAL,metadata,34,4,trujillo,0.30773297935302085
BERTopic-METADATA-MULTILINGUAL,metadata,34,5,educativa desempeo docente,0.30517730188179554
BERTopic-METADATA-MULTILINGUAL,metadata,34,6,docente institucin educativa,0.30517730188179554
BERTopic-METADATA-MULTILINGUAL,metadata,34,7,gestin educativa desempeo,0.297659292187718
BERTopic-METADATA-MULTILINGUAL,metadata,34,8,educativa desempeo,0.297659292187718
BERTopic-METADATA-MULTILINGUAL,metadata,34,9,docente institucin,0.297659292187718
BERTopic-METADATA-MULTILINGUAL,metadata,34,10,educacin valores,0.28811121623424796
BERTopic-METADATA-MULTILINGUAL,metadata,35,1,desempeo docente,0.4006041958474343
BERTopic-METADATA-MULTILINGUAL,metadata,35,2,desempeo,0.3706293463407207
BERTopic-METADATA-MULTILINGUAL,metadata,35,3,clima institucional,0.33837411883711527
BERTopic-METADATA-MULTILINGUAL,metadata,35,4,autoestima,0.30977171529447733
BERTopic-METADATA-MULTILINGUAL,metadata,35,5,ambientes,0.29085552850307045
BERTopic-METADATA-MULTILINGUAL,metadata,35,6,ambientes aprendizaje,0.28681247112787533
BERTopic-METADATA-MULTILINGUAL,metadata,35,7,docente,0.2865392317903117
BERTopic-METADATA-MULTILINGUAL,metadata,35,8,educativa desempeo docente,0.2685833813137752
BERTopic-METADATA-MULTILINGUAL,metadata,35,9,clima institucional desempeo,0.2671822096647408
BERTopic-METADATA-MULTILINGUAL,metadata,35,10,cep,0.2671822096647408
BERTopic-METADATA-MULTILINGUAL,metadata,36,1,administrativa gestin,0.32135472865242654
BERTopic-METADATA-MULTILINGUAL,metadata,36,2,administrativa,0.31566912479151044
BERTopic-METADATA-MULTILINGUAL,metadata,36,3,gestin administrativa,0.31426676382716123
BERTopic-METADATA-MULTILINGUAL,metadata,36,4,gerenciales,0.3074140519384018
BERTopic-METADATA-MULTILINGUAL,metadata,36,5,habilidades gerenciales,0.2970760489818937
BERTopic-METADATA-MULTILINGUAL,metadata,36,6,administracin,0.2884909178927053
BERTopic-METADATA-MULTILINGUAL,metadata,36,7,praxis,0.2833926092275827
BERTopic-METADATA-MULTILINGUAL,metadata,36,8,dimensin administrativa,0.2733888281486613
BERTopic-METADATA-MULTILINGUAL,metadata,36,9,gerencial,0.2655491169582173
BERTopic-METADATA-MULTILINGUAL,metadata,36,10,modelamiento,0.2636340774443045
BERTopic-METADATA-MULTILINGUAL,metadata,37,1,corrupcin,0.39682504618161146
BERTopic-METADATA-MULTILINGUAL,metadata,37,2,per,0.3847994564255209
BERTopic-METADATA-MULTILINGUAL,metadata,37,3,desastres,0.3622500486278299
BERTopic-METADATA-MULTILINGUAL,metadata,37,4,neuqun,0.3240062934337728
BERTopic-METADATA-MULTILINGUAL,metadata,37,5,impactos,0.304022878651991
BERTopic-METADATA-MULTILINGUAL,metadata,37,6,educativa per,0.3018303809610885
BERTopic-METADATA-MULTILINGUAL,metadata,37,7,institutos,0.28059768109968236
BERTopic-METADATA-MULTILINGUAL,metadata,37,8,gobiernos,0.27553223981423497
BERTopic-METADATA-MULTILINGUAL,metadata,37,9,educacin,0.2638181242248042
BERTopic-METADATA-MULTILINGUAL,metadata,37,10,participacin ciudadana,0.2571193160568384
BERTopic-METADATA-MULTILINGUAL,metadata,38,1,disabilities,0.4844882913533855
BERTopic-METADATA-MULTILINGUAL,metadata,38,2,discapacidad,0.3900306454350471
BERTopic-METADATA-MULTILINGUAL,metadata,38,3,students disabilities,0.37469113280360267
BERTopic-METADATA-MULTILINGUAL,metadata,38,4,mild,0.35331046810681654
BERTopic-METADATA-MULTILINGUAL,metadata,38,5,especiales,0.3482014848964505
BERTopic-METADATA-MULTILINGUAL,metadata,38,6,estudiantes discapacidad,0.32487360646169616
BERTopic-METADATA-MULTILINGUAL,metadata,38,7,inclusive,0.30665937917682823
BERTopic-METADATA-MULTILINGUAL,metadata,38,8,necesidades educativas especiales,0.303891432346324
BERTopic-METADATA-MULTILINGUAL,metadata,38,9,educativas especiales,0.303891432346324
BERTopic-METADATA-MULTILINGUAL,metadata,38,10,visual,0.3006831929073646
BERTopic-METADATA-MULTILINGUAL,metadata,39,1,smc,0.5324730003612999
BERTopic-METADATA-MULTILINGUAL,metadata,39,2,smcs,0.529488604568569
BERTopic-METADATA-MULTILINGUAL,metadata,39,3,school management committee,0.46741868276778675
BERTopic-METADATA-MULTILINGUAL,metadata,39,4,management committee,0.4553206059479926
BERTopic-METADATA-MULTILINGUAL,metadata,39,5,school management committees,0.4229476545392112
BERTopic-METADATA-MULTILINGUAL,metadata,39,6,committees,0.4185974963852287
BERTopic-METADATA-MULTILINGUAL,metadata,39,7,management committees,0.41823735302662435
BERTopic-METADATA-MULTILINGUAL,metadata,39,8,committee,0.4170871539190713
BERTopic-METADATA-MULTILINGUAL,metadata,39,9,smc members,0.4030001551484725
BERTopic-METADATA-MULTILINGUAL,metadata,39,10,nepal,0.39066205834313467
BERTopic-METADATA-MULTILINGUAL,metadata,40,1,simon,0.42713152816679306
BERTopic-METADATA-MULTILINGUAL,metadata,40,2,bogot,0.3699067541497113
BERTopic-METADATA-MULTILINGUAL,metadata,40,3,asistencia tcnica,0.3699067541497113
BERTopic-METADATA-MULTILINGUAL,metadata,40,4,eficiencia,0.3635293598215675
BERTopic-METADATA-MULTILINGUAL,metadata,40,5,tcnica,0.343140767571811
BERTopic-METADATA-MULTILINGUAL,metadata,40,6,mejoramiento,0.3384585590604978
BERTopic-METADATA-MULTILINGUAL,metadata,40,7,asistencia,0.3191669692571502
BERTopic-METADATA-MULTILINGUAL,metadata,40,8,jorge,0.3126496227000382
BERTopic-METADATA-MULTILINGUAL,metadata,40,9,magdalena,0.3070055692620424
BERTopic-METADATA-MULTILINGUAL,metadata,40,10,desercin escolar,0.3020276000253122
BERTopic-METADATA-MULTILINGUAL,metadata,41,1,desigualdades,0.3781682106510197
BERTopic-METADATA-MULTILINGUAL,metadata,41,2,latinoamericana,0.3252584963360443
BERTopic-METADATA-MULTILINGUAL,metadata,41,3,amrica latina,0.31331567787956205
BERTopic-METADATA-MULTILINGUAL,metadata,41,4,amrica,0.31175826329691037
BERTopic-METADATA-MULTILINGUAL,metadata,41,5,sociedades democrticas,0.3029968795343962
BERTopic-METADATA-MULTILINGUAL,metadata,41,6,latina,0.301966015261641
BERTopic-METADATA-MULTILINGUAL,metadata,41,7,latinoamrica,0.27911534972896984
BERTopic-METADATA-MULTILINGUAL,metadata,41,8,educacin bsica,0.2788507369479604
BERTopic-METADATA-MULTILINGUAL,metadata,41,9,brechas,0.27804758839373467
BERTopic-METADATA-MULTILINGUAL,metadata,41,10,regin,0.2769161058705943
