duplicate_group_id,source_record_id,publication_document_id,decision,decision_basis,review_status
duplicate:2575a955f380b180,10.47865/igob.vol6.n22.2023.253,doi:10.47865/igob.vol6.n22.2023.253,kept_canonical,title_near_year_first_author,algorithmic_high_confidence
duplicate:2575a955f380b180,https://openalex.org/W7155320761,doi:10.47865/igob.vol6.n22.2023.253,merged_exact,title_near_year_first_author,algorithmic_high_confidence
duplicate:c7051f1f732698d3,10.37811/cl_rcm.v5i6.1431,doi:10.37811/cl_rcm.v5i6.1431,kept_canonical,title_near_year_first_author,algorithmic_high_confidence
duplicate:c7051f1f732698d3,https://openalex.org/W7209681847,doi:10.37811/cl_rcm.v5i6.1431,merged_exact,title_near_year_first_author,algorithmic_high_confidence
duplicate:90ddf4e21d0c66c9,10.47865/igob.vol6.n22.2023.258,doi:10.47865/igob.vol6.n22.2023.258,kept_canonical,title_near_year_first_author,algorithmic_high_confidence
duplicate:90ddf4e21d0c66c9,https://openalex.org/W7155318954,doi:10.47865/igob.vol6.n22.2023.258,merged_exact,title_near_year_first_author,algorithmic_high_confidence
duplicate:b070c210ac8049f7,10.37811/cl_rcm.v9i6.21839,doi:10.37811/cl_rcm.v9i6.21839,kept_canonical,title_near_year_first_author,algorithmic_high_confidence
duplicate:b070c210ac8049f7,https://openalex.org/W7210227043,doi:10.37811/cl_rcm.v9i6.21839,merged_exact,title_near_year_first_author,algorithmic_high_confidence
duplicate:641eff756d41c85d,10.22529/dp.2021.19(38)11,doi:10.22529/dp.2021.19(38)11,kept_canonical,title_near_year_first_author,algorithmic_high_confidence
duplicate:641eff756d41c85d,conicet:la dirección escolar en la normativa vigente de la provincia de córdoba::2023,doi:10.22529/dp.2021.19(38)11,merged_exact,title_near_year_first_author,algorithmic_high_confidence
duplicate:45a23fd7b3abe3e8,10.33255/26184141/1568e0018,doi:10.33255/26184141/1568e0018,kept_canonical,title_near_year_first_author,algorithmic_high_confidence
duplicate:45a23fd7b3abe3e8,conicet:el trabajo de dirigir apuntes conceptuales sobre la dirección escolar en argentina 2001 2020::2024,doi:10.33255/26184141/1568e0018,merged_exact,title_near_year_first_author,algorithmic_high_confidence
duplicate:8b7abfba94337784,10.15366/reps2022.7.2.009,doi:10.15366/reps2022.7.2.009,kept_canonical,title_near_year_first_author,algorithmic_high_confidence
duplicate:8b7abfba94337784,conicet:filantropía empresarial estado y formación de directivos de escuelas secundarias en argentina estudio de caso sobre la fundación córdoba mejora::2023,doi:10.15366/reps2022.7.2.009,merged_exact,title_near_year_first_author,algorithmic_high_confidence
duplicate:c3ffe87bb39fb232,10.37811/cl_rcm.v9i6.21803,doi:10.37811/cl_rcm.v9i6.21803,kept_canonical,title_near_year_first_author,algorithmic_high_confidence
duplicate:c3ffe87bb39fb232,https://openalex.org/W7210141930,doi:10.37811/cl_rcm.v9i6.21803,merged_exact,title_near_year_first_author,algorithmic_high_confidence
duplicate:c54849417433cd8d,10.30972/riie.16228044,doi:10.30972/riie.16228044,kept_canonical,title_near_year_first_author,algorithmic_high_confidence
duplicate:c54849417433cd8d,conicet:la gestión educativa de la escuela secundaria aportes desde la perspectiva de directivos de la provincia de buenos aires entre 2010 y 2020::2025,doi:10.30972/riie.16228044,merged_exact,title_near_year_first_author,algorithmic_high_confidence
duplicate:473ba4698ed3ce36,https://openalex.org/W3186450505,doi:10.37177/unicen/eb31-292,kept_canonical,doi_normalized,algorithmic_high_confidence
duplicate:473ba4698ed3ce36,10.37177/unicen/eb31-292,doi:10.37177/unicen/eb31-292,merged_exact,doi_normalized,algorithmic_high_confidence
duplicate:c169e325f008aa72,10.34096/bol.rav.n56.10876,doi:10.34096/bol.rav.n56.10876,kept_canonical,title_near_year_first_author,algorithmic_high_confidence
duplicate:c169e325f008aa72,conicet:política género y formación las críticas al normalismo en su período de expansión 18841920::2023,doi:10.34096/bol.rav.n56.10876,merged_exact,title_near_year_first_author,algorithmic_high_confidence
