model,corpus,language,topic_id,rank,term,metric
STM-METADATA-EN,metadata,en,1,1,transformation,FREX
STM-METADATA-EN,metadata,en,1,2,democratic,FREX
STM-METADATA-EN,metadata,en,1,3,participation,FREX
STM-METADATA-EN,metadata,en,1,4,governance,FREX
STM-METADATA-EN,metadata,en,1,5,participatory,FREX
STM-METADATA-EN,metadata,en,1,6,democracy,FREX
STM-METADATA-EN,metadata,en,1,7,administration,FREX
STM-METADATA-EN,metadata,en,1,8,community,FREX
STM-METADATA-EN,metadata,en,1,9,parent,FREX
STM-METADATA-EN,metadata,en,1,10,decision-making,FREX
STM-METADATA-EN,metadata,en,1,11,autonomy,FREX
STM-METADATA-EN,metadata,en,1,12,community-based,FREX
STM-METADATA-EN,metadata,en,1,13,public,FREX
STM-METADATA-EN,metadata,en,1,14,decisions,FREX
STM-METADATA-EN,metadata,en,1,15,stakeholder,FREX
STM-METADATA-EN,metadata,en,1,16,act,FREX
STM-METADATA-EN,metadata,en,1,17,communities,FREX
STM-METADATA-EN,metadata,en,1,18,participative,FREX
STM-METADATA-EN,metadata,en,1,19,committees,FREX
STM-METADATA-EN,metadata,en,1,20,project,FREX
STM-METADATA-EN,metadata,en,2,1,inclusion,FREX
STM-METADATA-EN,metadata,en,2,2,inclusive,FREX
STM-METADATA-EN,metadata,en,2,3,special,FREX
STM-METADATA-EN,metadata,en,2,4,disabilities,FREX
STM-METADATA-EN,metadata,en,2,5,mineral,FREX
STM-METADATA-EN,metadata,en,2,6,escolar,FREX
STM-METADATA-EN,metadata,en,2,7,reform,FREX
STM-METADATA-EN,metadata,en,2,8,humanities,FREX
STM-METADATA-EN,metadata,en,2,9,gestión,FREX
STM-METADATA-EN,metadata,en,2,10,compulsory,FREX
STM-METADATA-EN,metadata,en,2,11,action,FREX
STM-METADATA-EN,metadata,en,2,12,pedagogical,FREX
STM-METADATA-EN,metadata,en,2,13,families,FREX
STM-METADATA-EN,metadata,en,2,14,institution,FREX
STM-METADATA-EN,metadata,en,2,15,visual,FREX
STM-METADATA-EN,metadata,en,2,16,spain,FREX
STM-METADATA-EN,metadata,en,2,17,actors,FREX
STM-METADATA-EN,metadata,en,2,18,actions,FREX
STM-METADATA-EN,metadata,en,2,19,mainstream,FREX
STM-METADATA-EN,metadata,en,2,20,classrooms,FREX
STM-METADATA-EN,metadata,en,3,1,black,FREX
STM-METADATA-EN,metadata,en,3,2,racism,FREX
STM-METADATA-EN,metadata,en,3,3,justice,FREX
STM-METADATA-EN,metadata,en,3,4,women,FREX
STM-METADATA-EN,metadata,en,3,5,equity,FREX
STM-METADATA-EN,metadata,en,3,6,race,FREX
STM-METADATA-EN,metadata,en,3,7,ethical,FREX
STM-METADATA-EN,metadata,en,3,8,book,FREX
STM-METADATA-EN,metadata,en,3,9,gender,FREX
STM-METADATA-EN,metadata,en,3,10,racial,FREX
STM-METADATA-EN,metadata,en,3,11,leaders,FREX
STM-METADATA-EN,metadata,en,3,12,muslim,FREX
STM-METADATA-EN,metadata,en,3,13,transactional,FREX
STM-METADATA-EN,metadata,en,3,14,responsive,FREX
STM-METADATA-EN,metadata,en,3,15,privilege,FREX
STM-METADATA-EN,metadata,en,3,16,chapter,FREX
STM-METADATA-EN,metadata,en,3,17,scholars,FREX
STM-METADATA-EN,metadata,en,3,18,anti-racist,FREX
STM-METADATA-EN,metadata,en,3,19,leadership,FREX
STM-METADATA-EN,metadata,en,3,20,equality,FREX
STM-METADATA-EN,metadata,en,4,1,vocational,FREX
STM-METADATA-EN,metadata,en,4,2,entrepreneurship,FREX
STM-METADATA-EN,metadata,en,4,3,process,FREX
STM-METADATA-EN,metadata,en,4,4,services,FREX
STM-METADATA-EN,metadata,en,4,5,planning,FREX
STM-METADATA-EN,metadata,en,4,6,nbsp,FREX
STM-METADATA-EN,metadata,en,4,7,business,FREX
STM-METADATA-EN,metadata,en,4,8,computing,FREX
STM-METADATA-EN,metadata,en,4,9,service,FREX
STM-METADATA-EN,metadata,en,4,10,implementing,FREX
STM-METADATA-EN,metadata,en,4,11,engineering,FREX
STM-METADATA-EN,metadata,en,4,12,implementation,FREX
STM-METADATA-EN,metadata,en,4,13,component,FREX
STM-METADATA-EN,metadata,en,4,14,quality,FREX
STM-METADATA-EN,metadata,en,4,15,personnel,FREX
STM-METADATA-EN,metadata,en,4,16,coordination,FREX
STM-METADATA-EN,metadata,en,4,17,evaluation,FREX
STM-METADATA-EN,metadata,en,4,18,good,FREX
STM-METADATA-EN,metadata,en,4,19,guidance,FREX
STM-METADATA-EN,metadata,en,4,20,will,FREX
STM-METADATA-EN,metadata,en,5,1,principals,FREX
STM-METADATA-EN,metadata,en,5,2,instructional,FREX
STM-METADATA-EN,metadata,en,5,3,style,FREX
STM-METADATA-EN,metadata,en,5,4,styles,FREX
STM-METADATA-EN,metadata,en,5,5,principal,FREX
STM-METADATA-EN,metadata,en,5,6,leadership,FREX
STM-METADATA-EN,metadata,en,5,7,leader,FREX
STM-METADATA-EN,metadata,en,5,8,traits,FREX
STM-METADATA-EN,metadata,en,5,9,identity,FREX
STM-METADATA-EN,metadata,en,5,10,security,FREX
STM-METADATA-EN,metadata,en,5,11,personality,FREX
STM-METADATA-EN,metadata,en,5,12,amp,FREX
STM-METADATA-EN,metadata,en,5,13,shared,FREX
STM-METADATA-EN,metadata,en,5,14,behaviors,FREX
STM-METADATA-EN,metadata,en,5,15,goal,FREX
STM-METADATA-EN,metadata,en,5,16,followers,FREX
STM-METADATA-EN,metadata,en,5,17,maturity,FREX
STM-METADATA-EN,metadata,en,5,18,problems,FREX
STM-METADATA-EN,metadata,en,5,19,experience,FREX
STM-METADATA-EN,metadata,en,5,20,female,FREX
STM-METADATA-EN,metadata,en,6,1,smc,FREX
STM-METADATA-EN,metadata,en,6,2,smcs,FREX
STM-METADATA-EN,metadata,en,6,3,quality,FREX
STM-METADATA-EN,metadata,en,6,4,assurance,FREX
STM-METADATA-EN,metadata,en,6,5,china,FREX
STM-METADATA-EN,metadata,en,6,6,philosophy,FREX
STM-METADATA-EN,metadata,en,6,7,committee,FREX
STM-METADATA-EN,metadata,en,6,8,delegation,FREX
STM-METADATA-EN,metadata,en,6,9,high-quality,FREX
STM-METADATA-EN,metadata,en,6,10,authority,FREX
STM-METADATA-EN,metadata,en,6,11,accountability,FREX
STM-METADATA-EN,metadata,en,6,12,access,FREX
STM-METADATA-EN,metadata,en,6,13,excellence,FREX
STM-METADATA-EN,metadata,en,6,14,strengthen,FREX
STM-METADATA-EN,metadata,en,6,15,strategic,FREX
STM-METADATA-EN,metadata,en,6,16,productivity,FREX
STM-METADATA-EN,metadata,en,6,17,much,FREX
STM-METADATA-EN,metadata,en,6,18,higher,FREX
STM-METADATA-EN,metadata,en,6,19,middle,FREX
STM-METADATA-EN,metadata,en,6,20,improving,FREX
STM-METADATA-EN,metadata,en,7,1,intervention,FREX
STM-METADATA-EN,metadata,en,7,2,scale,FREX
STM-METADATA-EN,metadata,en,7,3,mental,FREX
STM-METADATA-EN,metadata,en,7,4,stress,FREX
STM-METADATA-EN,metadata,en,7,5,health,FREX
STM-METADATA-EN,metadata,en,7,6,anxiety,FREX
STM-METADATA-EN,metadata,en,7,7,validity,FREX
STM-METADATA-EN,metadata,en,7,8,food,FREX
STM-METADATA-EN,metadata,en,7,9,depression,FREX
STM-METADATA-EN,metadata,en,7,10,confirmatory,FREX
STM-METADATA-EN,metadata,en,7,11,ratio,FREX
STM-METADATA-EN,metadata,en,7,12,factor,FREX
STM-METADATA-EN,metadata,en,7,13,prevalence,FREX
STM-METADATA-EN,metadata,en,7,14,resilience,FREX
STM-METADATA-EN,metadata,en,7,15,test,FREX
STM-METADATA-EN,metadata,en,7,16,risk,FREX
STM-METADATA-EN,metadata,en,7,17,schoolchildren,FREX
STM-METADATA-EN,metadata,en,7,18,items,FREX
STM-METADATA-EN,metadata,en,7,19,cross-sectional,FREX
STM-METADATA-EN,metadata,en,7,20,sensitivity,FREX
STM-METADATA-EN,metadata,en,8,1,covid,FREX
STM-METADATA-EN,metadata,en,8,2,pandemic,FREX
STM-METADATA-EN,metadata,en,8,3,coronavirus,FREX
STM-METADATA-EN,metadata,en,8,4,crisis,FREX
STM-METADATA-EN,metadata,en,8,5,disease,FREX
STM-METADATA-EN,metadata,en,8,6,physical,FREX
STM-METADATA-EN,metadata,en,8,7,activity,FREX
STM-METADATA-EN,metadata,en,8,8,face--face,FREX
STM-METADATA-EN,metadata,en,8,9,virtual,FREX
STM-METADATA-EN,metadata,en,8,10,outbreak,FREX
STM-METADATA-EN,metadata,en,8,11,online,FREX
STM-METADATA-EN,metadata,en,8,12,balance,FREX
STM-METADATA-EN,metadata,en,8,13,severe,FREX
STM-METADATA-EN,metadata,en,8,14,crises,FREX
STM-METADATA-EN,metadata,en,8,15,supervisor,FREX
STM-METADATA-EN,metadata,en,8,16,response,FREX
STM-METADATA-EN,metadata,en,8,17,transition,FREX
STM-METADATA-EN,metadata,en,8,18,distance,FREX
STM-METADATA-EN,metadata,en,8,19,delivery,FREX
STM-METADATA-EN,metadata,en,8,20,times,FREX
STM-METADATA-EN,metadata,en,9,1,ict,FREX
STM-METADATA-EN,metadata,en,9,2,technology,FREX
STM-METADATA-EN,metadata,en,9,3,digital,FREX
STM-METADATA-EN,metadata,en,9,4,information,FREX
STM-METADATA-EN,metadata,en,9,5,artificial,FREX
STM-METADATA-EN,metadata,en,9,6,technologies,FREX
STM-METADATA-EN,metadata,en,9,7,web,FREX
STM-METADATA-EN,metadata,en,9,8,communications,FREX
STM-METADATA-EN,metadata,en,9,9,wide,FREX
STM-METADATA-EN,metadata,en,9,10,internet,FREX
STM-METADATA-EN,metadata,en,9,11,era,FREX
STM-METADATA-EN,metadata,en,9,12,integration,FREX
STM-METADATA-EN,metadata,en,9,13,efficiency,FREX
STM-METADATA-EN,metadata,en,9,14,mining,FREX
STM-METADATA-EN,metadata,en,9,15,analytics,FREX
STM-METADATA-EN,metadata,en,9,16,e-learning,FREX
STM-METADATA-EN,metadata,en,9,17,systems,FREX
STM-METADATA-EN,metadata,en,9,18,big,FREX
STM-METADATA-EN,metadata,en,9,19,college,FREX
STM-METADATA-EN,metadata,en,9,20,mobile,FREX
STM-METADATA-EN,metadata,en,10,1,collaborative,FREX
STM-METADATA-EN,metadata,en,10,2,fostering,FREX
STM-METADATA-EN,metadata,en,10,3,professional,FREX
STM-METADATA-EN,metadata,en,10,4,highlights,FREX
STM-METADATA-EN,metadata,en,10,5,emotional,FREX
STM-METADATA-EN,metadata,en,10,6,collaboration,FREX
STM-METADATA-EN,metadata,en,10,7,enhancing,FREX
STM-METADATA-EN,metadata,en,10,8,insights,FREX
STM-METADATA-EN,metadata,en,10,9,crucial,FREX
STM-METADATA-EN,metadata,en,10,10,development,FREX
STM-METADATA-EN,metadata,en,10,11,supportive,FREX
STM-METADATA-EN,metadata,en,10,12,english,FREX
STM-METADATA-EN,metadata,en,10,13,investigates,FREX
STM-METADATA-EN,metadata,en,10,14,vision,FREX
STM-METADATA-EN,metadata,en,10,15,explores,FREX
STM-METADATA-EN,metadata,en,10,16,sustainable,FREX
STM-METADATA-EN,metadata,en,10,17,teacher,FREX
STM-METADATA-EN,metadata,en,10,18,initiatives,FREX
STM-METADATA-EN,metadata,en,10,19,outcomes,FREX
STM-METADATA-EN,metadata,en,10,20,innovative,FREX
STM-METADATA-EN,metadata,en,11,1,rural,FREX
STM-METADATA-EN,metadata,en,11,2,south,FREX
STM-METADATA-EN,metadata,en,11,3,africa,FREX
STM-METADATA-EN,metadata,en,11,4,smts,FREX
STM-METADATA-EN,metadata,en,11,5,municipality,FREX
STM-METADATA-EN,metadata,en,11,6,learners,FREX
STM-METADATA-EN,metadata,en,11,7,waste,FREX
STM-METADATA-EN,metadata,en,11,8,senior,FREX
STM-METADATA-EN,metadata,en,11,9,teams,FREX
STM-METADATA-EN,metadata,en,11,10,buildings,FREX
STM-METADATA-EN,metadata,en,11,11,accounting,FREX
STM-METADATA-EN,metadata,en,11,12,african,FREX
STM-METADATA-EN,metadata,en,11,13,learner,FREX
STM-METADATA-EN,metadata,en,11,14,maintenance,FREX
STM-METADATA-EN,metadata,en,11,15,west,FREX
STM-METADATA-EN,metadata,en,11,16,poor,FREX
STM-METADATA-EN,metadata,en,11,17,financial,FREX
STM-METADATA-EN,metadata,en,11,18,ghana,FREX
STM-METADATA-EN,metadata,en,11,19,district,FREX
STM-METADATA-EN,metadata,en,11,20,smt,FREX
STM-METADATA-EN,metadata,en,12,1,boarding,FREX
STM-METADATA-EN,metadata,en,12,2,islamic,FREX
STM-METADATA-EN,metadata,en,12,3,character,FREX
STM-METADATA-EN,metadata,en,12,4,documentation,FREX
STM-METADATA-EN,metadata,en,12,5,islam,FREX
STM-METADATA-EN,metadata,en,12,6,elementary,FREX
STM-METADATA-EN,metadata,en,12,7,pesantren,FREX
STM-METADATA-EN,metadata,en,12,8,religious,FREX
STM-METADATA-EN,metadata,en,12,9,presentation,FREX
STM-METADATA-EN,metadata,en,12,10,adiwiyata,FREX
STM-METADATA-EN,metadata,en,12,11,sekolah,FREX
STM-METADATA-EN,metadata,en,12,12,indonesia,FREX
STM-METADATA-EN,metadata,en,12,13,observation,FREX
STM-METADATA-EN,metadata,en,12,14,techniques,FREX
STM-METADATA-EN,metadata,en,12,15,junior,FREX
STM-METADATA-EN,metadata,en,12,16,indonesian,FREX
STM-METADATA-EN,metadata,en,12,17,namely,FREX
STM-METADATA-EN,metadata,en,12,18,supervision,FREX
STM-METADATA-EN,metadata,en,12,19,reduction,FREX
STM-METADATA-EN,metadata,en,12,20,collection,FREX
STM-METADATA-EN,metadata,en,13,1,sampling,FREX
STM-METADATA-EN,metadata,en,13,2,secondary,FREX
STM-METADATA-EN,metadata,en,13,3,heads,FREX
STM-METADATA-EN,metadata,en,13,4,parental,FREX
STM-METADATA-EN,metadata,en,13,5,statistics,FREX
STM-METADATA-EN,metadata,en,13,6,quantitative,FREX
STM-METADATA-EN,metadata,en,13,7,pupils,FREX
STM-METADATA-EN,metadata,en,13,8,purposive,FREX
STM-METADATA-EN,metadata,en,13,9,random,FREX
STM-METADATA-EN,metadata,en,13,10,population,FREX
STM-METADATA-EN,metadata,en,13,11,tanzania,FREX
STM-METADATA-EN,metadata,en,13,12,head,FREX
STM-METADATA-EN,metadata,en,13,13,private,FREX
STM-METADATA-EN,metadata,en,13,14,descriptive,FREX
STM-METADATA-EN,metadata,en,13,15,collect,FREX
STM-METADATA-EN,metadata,en,13,16,stratified,FREX
STM-METADATA-EN,metadata,en,13,17,questionnaire,FREX
STM-METADATA-EN,metadata,en,13,18,involvement,FREX
STM-METADATA-EN,metadata,en,13,19,sample,FREX
STM-METADATA-EN,metadata,en,13,20,grants,FREX
STM-METADATA-EN,metadata,en,14,1,organizational,FREX
STM-METADATA-EN,metadata,en,14,2,satisfaction,FREX
STM-METADATA-EN,metadata,en,14,3,job,FREX
STM-METADATA-EN,metadata,en,14,4,commitment,FREX
STM-METADATA-EN,metadata,en,14,5,climate,FREX
STM-METADATA-EN,metadata,en,14,6,culture,FREX
STM-METADATA-EN,metadata,en,14,7,capital,FREX
STM-METADATA-EN,metadata,en,14,8,transformational,FREX
STM-METADATA-EN,metadata,en,14,9,motivation,FREX
STM-METADATA-EN,metadata,en,14,10,interpersonal,FREX
STM-METADATA-EN,metadata,en,14,11,effect,FREX
STM-METADATA-EN,metadata,en,14,12,performance,FREX
STM-METADATA-EN,metadata,en,14,13,mediating,FREX
STM-METADATA-EN,metadata,en,14,14,variables,FREX
STM-METADATA-EN,metadata,en,14,15,teacher,FREX
STM-METADATA-EN,metadata,en,14,16,atmosphere,FREX
STM-METADATA-EN,metadata,en,14,17,employee,FREX
STM-METADATA-EN,metadata,en,14,18,appraisal,FREX
STM-METADATA-EN,metadata,en,14,19,citizenship,FREX
STM-METADATA-EN,metadata,en,14,20,mediation,FREX
STM-METADATA-EN,metadata,en,15,1,review,FREX
STM-METADATA-EN,metadata,en,15,2,articles,FREX
STM-METADATA-EN,metadata,en,15,3,systematic,FREX
STM-METADATA-EN,metadata,en,15,4,published,FREX
STM-METADATA-EN,metadata,en,15,5,scientific,FREX
STM-METADATA-EN,metadata,en,15,6,journals,FREX
STM-METADATA-EN,metadata,en,15,7,media,FREX
STM-METADATA-EN,metadata,en,15,8,literature,FREX
STM-METADATA-EN,metadata,en,15,9,sector,FREX
STM-METADATA-EN,metadata,en,15,10,reviews,FREX
STM-METADATA-EN,metadata,en,15,11,recent,FREX
STM-METADATA-EN,metadata,en,15,12,search,FREX
STM-METADATA-EN,metadata,en,15,13,turkey,FREX
STM-METADATA-EN,metadata,en,15,14,international,FREX
STM-METADATA-EN,metadata,en,15,15,decades,FREX
STM-METADATA-EN,metadata,en,15,16,databases,FREX
STM-METADATA-EN,metadata,en,15,17,researchers,FREX
STM-METADATA-EN,metadata,en,15,18,refugee,FREX
STM-METADATA-EN,metadata,en,15,19,methodologies,FREX
STM-METADATA-EN,metadata,en,15,20,benchmarking,FREX
STM-METADATA-EN,metadata,en,16,1,disaster,FREX
STM-METADATA-EN,metadata,en,16,2,director,FREX
STM-METADATA-EN,metadata,en,16,3,programs,FREX
STM-METADATA-EN,metadata,en,16,4,preparedness,FREX
STM-METADATA-EN,metadata,en,16,5,preparation,FREX
STM-METADATA-EN,metadata,en,16,6,groups,FREX
STM-METADATA-EN,metadata,en,16,7,group,FREX
STM-METADATA-EN,metadata,en,16,8,best,FREX
STM-METADATA-EN,metadata,en,16,9,faculty,FREX
STM-METADATA-EN,metadata,en,16,10,suicide,FREX
STM-METADATA-EN,metadata,en,16,11,directors,FREX
STM-METADATA-EN,metadata,en,16,12,program,FREX
STM-METADATA-EN,metadata,en,16,13,opportunities,FREX
STM-METADATA-EN,metadata,en,16,14,mentorship,FREX
STM-METADATA-EN,metadata,en,16,15,internal,FREX
STM-METADATA-EN,metadata,en,16,16,clinical,FREX
STM-METADATA-EN,metadata,en,16,17,missions,FREX
STM-METADATA-EN,metadata,en,16,18,prevention,FREX
STM-METADATA-EN,metadata,en,16,19,scholarship,FREX
STM-METADATA-EN,metadata,en,16,20,section,FREX
