alias,canonical,action,status,reason
school leadership,liderazgo escolar,merge,proposed,Equivalencia terminológica propuesta; revisar en el campo de dirección escolar.
liderazgo escolar,liderazgo escolar,merge,proposed,Equivalencia terminológica propuesta; revisar en el campo de dirección escolar.
liderança escolar,liderazgo escolar,merge,proposed,Equivalencia terminológica propuesta; revisar en el campo de dirección escolar.
educational leadership,liderazgo educativo,merge,proposed,Equivalencia terminológica propuesta; revisar en el campo de dirección escolar.
liderazgo educativo,liderazgo educativo,merge,proposed,Equivalencia terminológica propuesta; revisar en el campo de dirección escolar.
liderança educacional,liderazgo educativo,merge,proposed,Equivalencia terminológica propuesta; revisar en el campo de dirección escolar.
school management,gestión escolar,merge,proposed,Equivalencia terminológica propuesta; revisar en el campo de dirección escolar.
gestión escolar,gestión escolar,merge,proposed,Equivalencia terminológica propuesta; revisar en el campo de dirección escolar.
gestion escolar,gestión escolar,merge,proposed,Equivalencia terminológica propuesta; revisar en el campo de dirección escolar.
gestão escolar,gestión escolar,merge,proposed,Equivalencia terminológica propuesta; revisar en el campo de dirección escolar.
educational management,gestión educativa,merge,proposed,Equivalencia terminológica propuesta; revisar en el campo de dirección escolar.
gestión educativa,gestión educativa,merge,proposed,Equivalencia terminológica propuesta; revisar en el campo de dirección escolar.
gestion educativa,gestión educativa,merge,proposed,Equivalencia terminológica propuesta; revisar en el campo de dirección escolar.
gestão educacional,gestión educativa,merge,proposed,Equivalencia terminológica propuesta; revisar en el campo de dirección escolar.
school administration,administración escolar,merge,proposed,Equivalencia terminológica propuesta; revisar en el campo de dirección escolar.
dirección escolar,dirección escolar,merge,proposed,Equivalencia terminológica propuesta; revisar en el campo de dirección escolar.
direccion escolar,dirección escolar,merge,proposed,Equivalencia terminológica propuesta; revisar en el campo de dirección escolar.
administração escolar,dirección escolar,merge,proposed,Equivalencia terminológica propuesta; revisar en el campo de dirección escolar.
instructional leadership,liderazgo instruccional,merge,proposed,Equivalencia terminológica propuesta; revisar en el campo de dirección escolar.
liderazgo instruccional,liderazgo instruccional,merge,proposed,Equivalencia terminológica propuesta; revisar en el campo de dirección escolar.
pedagogical leadership,liderazgo pedagógico,merge,proposed,Equivalencia terminológica propuesta; revisar en el campo de dirección escolar.
liderazgo pedagógico,liderazgo pedagógico,merge,proposed,Equivalencia terminológica propuesta; revisar en el campo de dirección escolar.
liderazgo pedagogico,liderazgo pedagógico,merge,proposed,Equivalencia terminológica propuesta; revisar en el campo de dirección escolar.
liderança pedagógica,liderazgo pedagógico,merge,proposed,Equivalencia terminológica propuesta; revisar en el campo de dirección escolar.
distributed leadership,liderazgo distribuido,merge,proposed,Equivalencia terminológica propuesta; revisar en el campo de dirección escolar.
liderazgo distribuido,liderazgo distribuido,merge,proposed,Equivalencia terminológica propuesta; revisar en el campo de dirección escolar.
liderança distribuída,liderazgo distribuido,merge,proposed,Equivalencia terminológica propuesta; revisar en el campo de dirección escolar.
transformational leadership,liderazgo transformacional,merge,proposed,Equivalencia terminológica propuesta; revisar en el campo de dirección escolar.
liderazgo transformacional,liderazgo transformacional,merge,proposed,Equivalencia terminológica propuesta; revisar en el campo de dirección escolar.
liderança transformacional,liderazgo transformacional,merge,proposed,Equivalencia terminológica propuesta; revisar en el campo de dirección escolar.
inclusive leadership,liderazgo inclusivo,merge,proposed,Equivalencia terminológica propuesta; revisar en el campo de dirección escolar.
liderazgo inclusivo,liderazgo inclusivo,merge,proposed,Equivalencia terminológica propuesta; revisar en el campo de dirección escolar.
leadership style,estilo de liderazgo,merge,proposed,Equivalencia terminológica propuesta; revisar en el campo de dirección escolar.
leadership styles,estilo de liderazgo,merge,proposed,Equivalencia terminológica propuesta; revisar en el campo de dirección escolar.
estilo de liderazgo,estilo de liderazgo,merge,proposed,Equivalencia terminológica propuesta; revisar en el campo de dirección escolar.
estilos de liderazgo,estilo de liderazgo,merge,proposed,Equivalencia terminológica propuesta; revisar en el campo de dirección escolar.
professional development,desarrollo profesional,merge,proposed,Equivalencia terminológica propuesta; revisar en el campo de dirección escolar.
desarrollo profesional,desarrollo profesional,merge,proposed,Equivalencia terminológica propuesta; revisar en el campo de dirección escolar.
desenvolvimento profissional,desarrollo profesional,merge,proposed,Equivalencia terminológica propuesta; revisar en el campo de dirección escolar.
inclusive education,educación inclusiva,merge,proposed,Equivalencia terminológica propuesta; revisar en el campo de dirección escolar.
educación inclusiva,educación inclusiva,merge,proposed,Equivalencia terminológica propuesta; revisar en el campo de dirección escolar.
educacion inclusiva,educación inclusiva,merge,proposed,Equivalencia terminológica propuesta; revisar en el campo de dirección escolar.
educação inclusiva,educación inclusiva,merge,proposed,Equivalencia terminológica propuesta; revisar en el campo de dirección escolar.
secondary education,educación secundaria,merge,proposed,Equivalencia terminológica propuesta; revisar en el campo de dirección escolar.
educación secundaria,educación secundaria,merge,proposed,Equivalencia terminológica propuesta; revisar en el campo de dirección escolar.
educacion secundaria,educación secundaria,merge,proposed,Equivalencia terminológica propuesta; revisar en el campo de dirección escolar.
ensino secundário,educación secundaria,merge,proposed,Equivalencia terminológica propuesta; revisar en el campo de dirección escolar.
artificial intelligence,inteligencia artificial,merge,proposed,Equivalencia terminológica propuesta; revisar en el campo de dirección escolar.
inteligencia artificial,inteligencia artificial,merge,proposed,Equivalencia terminológica propuesta; revisar en el campo de dirección escolar.
inteligência artificial,inteligencia artificial,merge,proposed,Equivalencia terminológica propuesta; revisar en el campo de dirección escolar.
machine learning,aprendizaje automático,merge,proposed,Equivalencia terminológica propuesta; revisar en el campo de dirección escolar.
aprendizaje automático,aprendizaje automático,merge,proposed,Equivalencia terminológica propuesta; revisar en el campo de dirección escolar.
covid-19,covid-19,merge,proposed,Equivalencia terminológica propuesta; revisar en el campo de dirección escolar.
covid 19,covid-19,merge,proposed,Equivalencia terminológica propuesta; revisar en el campo de dirección escolar.
coronavirus disease 2019 (covid-19),covid-19,merge,proposed,Equivalencia terminológica propuesta; revisar en el campo de dirección escolar.
coronavirus disease 2019,covid-19,merge,proposed,Equivalencia terminológica propuesta; revisar en el campo de dirección escolar.
parental involvement,participación familiar,merge,proposed,Equivalencia terminológica propuesta; revisar en el campo de dirección escolar.
participación familiar,participación familiar,merge,proposed,Equivalencia terminológica propuesta; revisar en el campo de dirección escolar.
participación de las familias,participación familiar,merge,proposed,Equivalencia terminológica propuesta; revisar en el campo de dirección escolar.
qualitative research,investigación cualitativa,merge,proposed,Equivalencia terminológica propuesta; revisar en el campo de dirección escolar.
investigación cualitativa,investigación cualitativa,merge,proposed,Equivalencia terminológica propuesta; revisar en el campo de dirección escolar.
pesquisa qualitativa,investigación cualitativa,merge,proposed,Equivalencia terminológica propuesta; revisar en el campo de dirección escolar.
thematic analysis,análisis temático,merge,proposed,Equivalencia terminológica propuesta; revisar en el campo de dirección escolar.
análisis temático,análisis temático,merge,proposed,Equivalencia terminológica propuesta; revisar en el campo de dirección escolar.
análise temática,análisis temático,merge,proposed,Equivalencia terminológica propuesta; revisar en el campo de dirección escolar.
ethnography,etnografía,merge,proposed,Equivalencia terminológica propuesta; revisar en el campo de dirección escolar.
etnografía,etnografía,merge,proposed,Equivalencia terminológica propuesta; revisar en el campo de dirección escolar.
etnografia,etnografía,merge,proposed,Equivalencia terminológica propuesta; revisar en el campo de dirección escolar.
focus group,grupo focal,merge,proposed,Equivalencia terminológica propuesta; revisar en el campo de dirección escolar.
focus groups,grupo focal,merge,proposed,Equivalencia terminológica propuesta; revisar en el campo de dirección escolar.
grupo focal,grupo focal,merge,proposed,Equivalencia terminológica propuesta; revisar en el campo de dirección escolar.
grupos focales,grupo focal,merge,proposed,Equivalencia terminológica propuesta; revisar en el campo de dirección escolar.
gender equity,equidad de género,merge,proposed,Equivalencia terminológica propuesta; revisar en el campo de dirección escolar.
equidad de género,equidad de género,merge,proposed,Equivalencia terminológica propuesta; revisar en el campo de dirección escolar.
equidade de gênero,equidad de género,merge,proposed,Equivalencia terminológica propuesta; revisar en el campo de dirección escolar.
school,,exclude,proposed,Término general: se conserva el registro y se excluye esta etiqueta del cálculo.
education,,exclude,proposed,Término general: se conserva el registro y se excluye esta etiqueta del cálculo.
educational,,exclude,proposed,Término general: se conserva el registro y se excluye esta etiqueta del cálculo.
leadership,,exclude,proposed,Término general: se conserva el registro y se excluye esta etiqueta del cálculo.
management,,exclude,proposed,Término general: se conserva el registro y se excluye esta etiqueta del cálculo.
learning,,exclude,proposed,Término general: se conserva el registro y se excluye esta etiqueta del cálculo.
teachers,,exclude,proposed,Término general: se conserva el registro y se excluye esta etiqueta del cálculo.
teacher,,exclude,proposed,Término general: se conserva el registro y se excluye esta etiqueta del cálculo.
students,,exclude,proposed,Término general: se conserva el registro y se excluye esta etiqueta del cálculo.
student,,exclude,proposed,Término general: se conserva el registro y se excluye esta etiqueta del cálculo.
principal,,exclude,proposed,Término general: se conserva el registro y se excluye esta etiqueta del cálculo.
principals,,exclude,proposed,Término general: se conserva el registro y se excluye esta etiqueta del cálculo.
gestión,,exclude,proposed,Término general: se conserva el registro y se excluye esta etiqueta del cálculo.
gestion,,exclude,proposed,Término general: se conserva el registro y se excluye esta etiqueta del cálculo.
educación,,exclude,proposed,Término general: se conserva el registro y se excluye esta etiqueta del cálculo.
educacion,,exclude,proposed,Término general: se conserva el registro y se excluye esta etiqueta del cálculo.
educativa,,exclude,proposed,Término general: se conserva el registro y se excluye esta etiqueta del cálculo.
escolar,,exclude,proposed,Término general: se conserva el registro y se excluye esta etiqueta del cálculo.
escuela,,exclude,proposed,Término general: se conserva el registro y se excluye esta etiqueta del cálculo.
liderazgo,,exclude,proposed,Término general: se conserva el registro y se excluye esta etiqueta del cálculo.
dirección,,exclude,proposed,Término general: se conserva el registro y se excluye esta etiqueta del cálculo.
direccion,,exclude,proposed,Término general: se conserva el registro y se excluye esta etiqueta del cálculo.
docentes,,exclude,proposed,Término general: se conserva el registro y se excluye esta etiqueta del cálculo.
docente,,exclude,proposed,Término general: se conserva el registro y se excluye esta etiqueta del cálculo.
estudiantes,,exclude,proposed,Término general: se conserva el registro y se excluye esta etiqueta del cálculo.
aprendizaje,,exclude,proposed,Término general: se conserva el registro y se excluye esta etiqueta del cálculo.
academic,,exclude,proposed,Término general: se conserva el registro y se excluye esta etiqueta del cálculo.
research,,exclude,proposed,Término general: se conserva el registro y se excluye esta etiqueta del cálculo.
study,,exclude,proposed,Término general: se conserva el registro y se excluye esta etiqueta del cálculo.
analysis,,exclude,proposed,Término general: se conserva el registro y se excluye esta etiqueta del cálculo.
university,,exclude,proposed,Término general: se conserva el registro y se excluye esta etiqueta del cálculo.
system,,exclude,proposed,Término general: se conserva el registro y se excluye esta etiqueta del cálculo.
systems,,exclude,proposed,Término general: se conserva el registro y se excluye esta etiqueta del cálculo.
Political science,,exclude,proposed,Clasificación disciplinar amplia: exclusión propuesta para priorizar descriptores específicos.
Humanities,,exclude,proposed,Clasificación disciplinar amplia: exclusión propuesta para priorizar descriptores específicos.
Psychology,,exclude,proposed,Clasificación disciplinar amplia: exclusión propuesta para priorizar descriptores específicos.
Sociology,,exclude,proposed,Clasificación disciplinar amplia: exclusión propuesta para priorizar descriptores específicos.
Philosophy,,exclude,proposed,Clasificación disciplinar amplia: exclusión propuesta para priorizar descriptores específicos.
Art,,exclude,proposed,Clasificación disciplinar amplia: exclusión propuesta para priorizar descriptores específicos.
Computer science,,exclude,proposed,Clasificación disciplinar amplia: exclusión propuesta para priorizar descriptores específicos.
Medicine,,exclude,proposed,Clasificación disciplinar amplia: exclusión propuesta para priorizar descriptores específicos.
Geography,,exclude,proposed,Clasificación disciplinar amplia: exclusión propuesta para priorizar descriptores específicos.
Engineering,,exclude,proposed,Clasificación disciplinar amplia: exclusión propuesta para priorizar descriptores específicos.
Business,,exclude,proposed,Clasificación disciplinar amplia: exclusión propuesta para priorizar descriptores específicos.
Social science,,exclude,proposed,Clasificación disciplinar amplia: exclusión propuesta para priorizar descriptores específicos.
Law,,exclude,proposed,Clasificación disciplinar amplia: exclusión propuesta para priorizar descriptores específicos.
Economics,,exclude,proposed,Clasificación disciplinar amplia: exclusión propuesta para priorizar descriptores específicos.
Mathematics,,exclude,proposed,Clasificación disciplinar amplia: exclusión propuesta para priorizar descriptores específicos.
Physics,,exclude,proposed,Clasificación disciplinar amplia: exclusión propuesta para priorizar descriptores específicos.
Work (physics),,exclude,proposed,Desambiguación de otro campo: exclusión propuesta para revisión; no se excluye el artículo.
Identity (music),,exclude,proposed,Desambiguación de otro campo: exclusión propuesta para revisión; no se excluye el artículo.
Context (archaeology),,exclude,proposed,Desambiguación de otro campo: exclusión propuesta para revisión; no se excluye el artículo.
Principal (computer security),,exclude,proposed,Desambiguación de otro campo: exclusión propuesta para revisión; no se excluye el artículo.
Inclusion (mineral),,exclude,proposed,Desambiguación de otro campo: exclusión propuesta para revisión; no se excluye el artículo.
Perspective (graphical),,exclude,proposed,Desambiguación de otro campo: exclusión propuesta para revisión; no se excluye el artículo.
Government (linguistics),,exclude,proposed,Desambiguación de otro campo: exclusión propuesta para revisión; no se excluye el artículo.
Field (mathematics),,exclude,proposed,Desambiguación de otro campo: exclusión propuesta para revisión; no se excluye el artículo.
Test (biology),,exclude,proposed,Desambiguación de otro campo: exclusión propuesta para revisión; no se excluye el artículo.
Sample (material),,exclude,proposed,Desambiguación de otro campo: exclusión propuesta para revisión; no se excluye el artículo.
Value (mathematics),,exclude,proposed,Desambiguación de otro campo: exclusión propuesta para revisión; no se excluye el artículo.
Plan (archaeology),,exclude,proposed,Desambiguación de otro campo: exclusión propuesta para revisión; no se excluye el artículo.
Focus (optics),,exclude,proposed,Desambiguación de otro campo: exclusión propuesta para revisión; no se excluye el artículo.
Component (thermodynamics),,exclude,proposed,Desambiguación de otro campo: exclusión propuesta para revisión; no se excluye el artículo.
Domain (mathematical analysis),,exclude,proposed,Desambiguación de otro campo: exclusión propuesta para revisión; no se excluye el artículo.
Event (particle physics),,exclude,proposed,Desambiguación de otro campo: exclusión propuesta para revisión; no se excluye el artículo.
Training (meteorology),,exclude,proposed,Desambiguación de otro campo: exclusión propuesta para revisión; no se excluye el artículo.
