model,corpus,topic_id,documents,embedding_compactness,silhouette_mean,silhouette_min,title_semantic_dispersion,abstract_semantic_dispersion,ctfidf_coherence_cv,ctfidf_coherence_npmi,topic_diversity,language_entropy,dominant_language_share,source_entropy,country_entropy,contamination_share,borderline_document_share,low_confidence_share,status,review_status
BERTopic-METADATA-MULTILINGUAL,metadata,0,355,0.821923,0.664915,0.038602,0.227098,0.281181,,,0.035714,0.929567,0.619718,0.019354,-0.0,0.0,0.242254,0.039437,coherent_candidate,pending_human_review
BERTopic-METADATA-MULTILINGUAL,metadata,1,279,0.895682,0.430482,-0.543378,0.156697,0.222638,,,0.035714,0.796559,0.706093,-0.0,-0.0,0.0,0.401434,0.035842,broad_but_interpretable,pending_human_review
BERTopic-METADATA-MULTILINGUAL,metadata,2,270,0.884357,0.464144,-0.083742,0.120258,0.335243,,,0.035714,0.241509,0.944444,-0.0,-0.0,0.0,0.233333,0.0,coherent_candidate,pending_human_review
BERTopic-METADATA-MULTILINGUAL,metadata,3,268,0.835402,0.817865,0.575267,0.248632,0.247051,,,0.035714,0.94069,0.600746,0.136609,-0.0,0.0,0.522388,0.044776,heterogeneous_candidate,pending_human_review
BERTopic-METADATA-MULTILINGUAL,metadata,4,259,0.869782,0.538309,-0.067666,0.176729,0.22179,,,0.035714,1.055593,0.440154,0.025308,-0.0,0.0,0.513514,0.019305,heterogeneous_candidate,pending_human_review
BERTopic-METADATA-MULTILINGUAL,metadata,5,248,0.860911,0.434391,-0.109753,0.168004,0.213544,,,0.035714,0.885226,0.641129,0.026256,-0.0,0.0,0.044355,0.0,coherent_candidate,pending_human_review
BERTopic-METADATA-MULTILINGUAL,metadata,6,233,0.914577,0.587273,-0.298862,0.117062,0.120145,,,0.035714,0.238847,0.935622,-0.0,-0.0,0.0,0.635193,0.0,heterogeneous_candidate,pending_human_review
BERTopic-METADATA-MULTILINGUAL,metadata,7,213,0.885301,0.489503,-0.065976,0.128975,0.213068,,,0.035714,0.267472,0.938967,0.029854,-0.0,0.0,0.29108,0.0,broad_but_interpretable,pending_human_review
BERTopic-METADATA-MULTILINGUAL,metadata,8,197,0.905646,0.471388,-0.407186,0.131688,0.117644,,,0.035714,0.185176,0.959391,-0.0,-0.0,0.0,0.279188,0.0,broad_but_interpretable,pending_human_review
BERTopic-METADATA-MULTILINGUAL,metadata,9,182,0.864002,0.605198,0.173743,0.188303,0.303987,,,0.035714,0.034073,0.994505,-0.0,-0.0,0.0,0.32967,0.0,broad_but_interpretable,pending_human_review
BERTopic-METADATA-MULTILINGUAL,metadata,10,173,0.851787,0.739157,-0.175042,0.174281,0.296605,,,0.035714,0.629528,0.797688,0.035551,-0.0,0.0,0.364162,0.16185,broad_but_interpretable,pending_human_review
BERTopic-METADATA-MULTILINGUAL,metadata,11,151,0.886727,0.535346,-0.04993,0.182515,0.175094,,,0.035714,0.777091,0.715232,-0.0,-0.0,0.0,0.516556,0.0,heterogeneous_candidate,pending_human_review
BERTopic-METADATA-MULTILINGUAL,metadata,12,131,0.902323,0.645945,0.277326,0.100875,0.313434,,,0.035714,0.153765,0.969466,-0.0,-0.0,0.0,0.48855,0.0,heterogeneous_candidate,pending_human_review
BERTopic-METADATA-MULTILINGUAL,metadata,13,130,0.895551,0.424748,-0.237831,0.151334,0.175874,,,0.035714,0.596726,0.769231,-0.0,-0.0,0.0,0.153846,0.0,coherent_candidate,pending_human_review
BERTopic-METADATA-MULTILINGUAL,metadata,14,130,0.851224,0.510626,-0.069623,0.213048,0.176036,,,0.035714,0.431071,0.884615,0.090151,-0.0,0.0,0.023077,0.0,coherent_candidate,pending_human_review
BERTopic-METADATA-MULTILINGUAL,metadata,15,127,0.861439,0.405499,0.125233,0.213228,0.175088,,,0.035714,1.012029,0.496063,0.080994,-0.0,0.0,0.062992,0.0,coherent_candidate,pending_human_review
BERTopic-METADATA-MULTILINGUAL,metadata,16,117,0.863286,0.927025,0.822867,0.164978,0.273638,,,0.035714,0.697124,0.717949,-0.0,-0.0,0.0,0.111111,0.034188,coherent_candidate,pending_human_review
BERTopic-METADATA-MULTILINGUAL,metadata,17,112,0.859095,0.706828,0.307741,0.186365,0.231247,,,0.035714,0.889923,0.535714,0.051018,-0.0,0.0,0.330357,0.035714,broad_but_interpretable,pending_human_review
BERTopic-METADATA-MULTILINGUAL,metadata,18,74,0.817927,0.847712,0.548882,0.222495,0.267618,,,0.035714,1.059327,0.472973,-0.0,-0.0,0.0,0.121622,0.054054,coherent_candidate,pending_human_review
BERTopic-METADATA-MULTILINGUAL,metadata,19,74,0.892641,0.640771,0.060137,0.13008,0.261637,,,0.035714,0.656166,0.635135,-0.0,-0.0,0.0,0.054054,0.0,coherent_candidate,pending_human_review
BERTopic-METADATA-MULTILINGUAL,metadata,20,72,0.880824,0.940617,0.877092,0.142379,0.243265,,,0.035714,0.728167,0.611111,-0.0,-0.0,0.0,0.083333,0.0,coherent_candidate,pending_human_review
BERTopic-METADATA-MULTILINGUAL,metadata,21,70,0.899673,0.878876,0.38454,0.132715,0.159339,,,0.035714,0.967748,0.528571,-0.0,-0.0,0.0,0.214286,0.042857,coherent_candidate,pending_human_review
BERTopic-METADATA-MULTILINGUAL,metadata,22,69,0.87023,0.698812,0.52274,0.190844,0.224466,,,0.035714,1.071737,0.434783,0.075751,-0.0,0.0,0.014493,0.0,coherent_candidate,pending_human_review
BERTopic-METADATA-MULTILINGUAL,metadata,23,66,0.849164,0.678525,0.452422,0.194139,0.233222,,,0.035714,0.86409,0.621212,-0.0,-0.0,0.0,0.015152,0.0,coherent_candidate,pending_human_review
BERTopic-METADATA-MULTILINGUAL,metadata,24,62,0.830086,0.625053,-0.165566,0.200202,0.268855,,,0.035714,0.082565,0.983871,-0.0,-0.0,0.0,0.016129,0.0,coherent_candidate,pending_human_review
BERTopic-METADATA-MULTILINGUAL,metadata,25,57,0.869564,0.627467,0.30116,0.130934,0.24084,,,0.035714,0.176326,0.964912,-0.0,-0.0,0.0,0.0,0.0,coherent_candidate,pending_human_review
BERTopic-METADATA-MULTILINGUAL,metadata,26,52,0.900824,0.530659,-0.070085,0.138033,0.2953,,,0.035714,0.937923,0.5,-0.0,-0.0,0.0,0.211538,0.0,coherent_candidate,pending_human_review
BERTopic-METADATA-MULTILINGUAL,metadata,27,50,0.868194,0.884538,0.765878,0.178744,0.277886,,,0.035714,0.278769,0.92,-0.0,-0.0,0.0,0.0,0.0,coherent_candidate,pending_human_review
