model,corpus,topic_id,topic_language_distribution,dominant_language,dominant_language_share,language_entropy,language_mutual_information,topic_vs_language_residual,cross_language_nearest_neighbors,cross_language_centroid_similarity,dominant_source_share,dominant_country_share,classification,review_status
BERTopic-METADATA-MULTILINGUAL,metadata,0,"{'es': 96, 'en': 214, 'pt': 35, 'id': 1, 'und': 3}",en,0.613181,0.94324,0.191576,0.112651,0.396848,0.886414,0.997135,1.0,multilingual_topic,pending_human_review
BERTopic-METADATA-MULTILINGUAL,metadata,1,"{'es': 80, 'en': 162, 'id': 2, 'pt': 29}",en,0.593407,0.943572,0.191576,0.092877,0.375092,0.924031,0.974359,1.0,multilingual_topic,pending_human_review
BERTopic-METADATA-MULTILINGUAL,metadata,2,"{'es': 13, 'en': 248, 'und': 1}",en,0.946565,0.222258,0.191576,0.446035,0.182824,0.963327,1.0,1.0,language_concentrated_but_thematic,pending_human_review
BERTopic-METADATA-MULTILINGUAL,metadata,3,"{'es': 239, 'en': 12, 'pt': 1}",es,0.948413,0.217153,0.191576,0.586558,0.075397,0.789304,1.0,1.0,language_concentrated_but_thematic,pending_human_review
BERTopic-METADATA-MULTILINGUAL,metadata,4,"{'es': 111, 'pt': 51, 'en': 86}",es,0.447581,1.052321,0.191576,0.085726,0.440323,0.972007,0.995968,1.0,multilingual_topic,pending_human_review
BERTopic-METADATA-MULTILINGUAL,metadata,5,"{'es': 215, 'en': 16}",es,0.930736,0.251731,0.191576,0.568882,0.080519,0.974453,1.0,1.0,language_concentrated_but_thematic,pending_human_review
BERTopic-METADATA-MULTILINGUAL,metadata,6,"{'pt': 181, 'es': 15, 'en': 31}",pt,0.797357,0.631988,0.191576,0.665966,0.203965,0.979402,1.0,1.0,multilingual_topic,pending_human_review
BERTopic-METADATA-MULTILINGUAL,metadata,7,"{'en': 221, 'es': 1, 'id': 1}",en,0.991031,0.057423,0.191576,0.490502,0.086996,0.813898,1.0,1.0,language_concentrated_but_thematic,pending_human_review
BERTopic-METADATA-MULTILINGUAL,metadata,8,"{'es': 5, 'en': 185, 'id': 4}",en,0.953608,0.21962,0.191576,0.453078,0.198454,0.954847,0.994845,1.0,language_concentrated_but_thematic,pending_human_review
BERTopic-METADATA-MULTILINGUAL,metadata,9,"{'es': 25, 'en': 139, 'pt': 11}",en,0.794286,0.63484,0.191576,0.293756,0.225714,0.944424,0.994286,1.0,multilingual_topic,pending_human_review
BERTopic-METADATA-MULTILINGUAL,metadata,10,"{'es': 62, 'pt': 77, 'en': 25, 'und': 1}",pt,0.466667,1.040326,0.191576,0.335276,0.395758,0.889204,0.987879,1.0,multilingual_topic,pending_human_review
BERTopic-METADATA-MULTILINGUAL,metadata,11,"{'en': 138, 'es': 7, 'id': 1, 'pt': 1}",en,0.938776,0.272185,0.191576,0.438246,0.127891,0.90796,1.0,1.0,language_concentrated_but_thematic,pending_human_review
BERTopic-METADATA-MULTILINGUAL,metadata,12,"{'pt': 104, 'es': 15, 'en': 25}",pt,0.722222,0.77461,0.191576,0.590831,0.276389,0.966734,0.993056,1.0,multilingual_topic,pending_human_review
BERTopic-METADATA-MULTILINGUAL,metadata,13,"{'es': 30, 'en': 83, 'und': 1, 'pt': 2}",en,0.715517,0.700263,0.191576,0.214987,0.212069,0.918072,1.0,1.0,multilingual_topic,pending_human_review
BERTopic-METADATA-MULTILINGUAL,metadata,14,"{'es': 105, 'en': 7, 'pt': 3}",es,0.913043,0.348558,0.191576,0.551189,0.2,0.930577,0.973913,1.0,language_concentrated_but_thematic,pending_human_review
BERTopic-METADATA-MULTILINGUAL,metadata,15,"{'es': 83, 'en': 29, 'pt': 1}",es,0.734513,0.617517,0.191576,0.372659,0.292035,0.84597,1.0,1.0,multilingual_topic,pending_human_review
BERTopic-METADATA-MULTILINGUAL,metadata,16,"{'es': 5, 'en': 88, 'und': 2, 'pt': 4}",en,0.888889,0.463965,0.191576,0.388359,0.327273,0.914021,1.0,1.0,language_concentrated_but_thematic,pending_human_review
BERTopic-METADATA-MULTILINGUAL,metadata,17,"{'es': 60, 'en': 32, 'pt': 1}",es,0.645161,0.698576,0.191576,0.283307,0.291398,0.942768,1.0,1.0,multilingual_topic,pending_human_review
BERTopic-METADATA-MULTILINGUAL,metadata,18,"{'es': 62, 'pt': 20, 'en': 8}",es,0.688889,0.806115,0.191576,0.327035,0.395556,0.956041,1.0,1.0,multilingual_topic,pending_human_review
BERTopic-METADATA-MULTILINGUAL,metadata,19,"{'es': 56, 'en': 17, 'pt': 4}",es,0.727273,0.718747,0.191576,0.365418,0.32987,0.961828,0.987013,1.0,multilingual_topic,pending_human_review
BERTopic-METADATA-MULTILINGUAL,metadata,20,"{'es': 28, 'en': 45, 'und': 1}",en,0.608108,0.728369,0.191576,0.107578,0.236486,0.905813,1.0,1.0,multilingual_topic,pending_human_review
BERTopic-METADATA-MULTILINGUAL,metadata,21,"{'es': 27, 'en': 36, 'id': 2, 'pt': 8}",en,0.493151,1.057362,0.191576,-0.007379,0.513699,0.928573,1.0,1.0,multilingual_topic,pending_human_review
BERTopic-METADATA-MULTILINGUAL,metadata,22,"{'es': 38, 'pt': 9, 'en': 25}",es,0.527778,0.964511,0.191576,0.165923,0.3875,0.956663,1.0,1.0,multilingual_topic,pending_human_review
BERTopic-METADATA-MULTILINGUAL,metadata,23,"{'es': 41, 'en': 22, 'pt': 2}",es,0.630769,0.764454,0.191576,0.268915,0.421538,0.96195,1.0,1.0,multilingual_topic,pending_human_review
BERTopic-METADATA-MULTILINGUAL,metadata,24,"{'es': 42, 'en': 19, 'und': 1, 'pt': 3}",es,0.646154,0.84789,0.191576,0.2843,0.416923,0.903378,1.0,1.0,multilingual_topic,pending_human_review
BERTopic-METADATA-MULTILINGUAL,metadata,25,"{'es': 12, 'en': 20, 'pt': 21}",pt,0.396226,1.070886,0.191576,0.264836,0.456604,0.972776,0.981132,1.0,multilingual_topic,pending_human_review
BERTopic-METADATA-MULTILINGUAL,metadata,26,"{'en': 45, 'pt': 4}",en,0.918367,0.282739,0.191576,0.417838,0.095918,0.914112,1.0,1.0,language_concentrated_but_thematic,pending_human_review
BERTopic-METADATA-MULTILINGUAL,metadata,27,"{'en': 23, 'es': 2, 'und': 1, 'pt': 20}",en,0.5,0.928265,0.191576,-0.00053,0.521739,0.880366,1.0,1.0,multilingual_topic,pending_human_review
BERTopic-METADATA-MULTILINGUAL,metadata,28,"{'en': 43, 'id': 1}",en,0.977273,0.108471,0.191576,0.476743,0.065909,0.831368,1.0,1.0,language_concentrated_but_thematic,pending_human_review
BERTopic-METADATA-MULTILINGUAL,metadata,29,"{'es': 11, 'en': 29, 'pt': 3}",en,0.674419,0.800171,0.191576,0.173889,0.223256,0.900752,1.0,1.0,multilingual_topic,pending_human_review
BERTopic-METADATA-MULTILINGUAL,metadata,30,"{'es': 9, 'en': 19, 'pt': 14}",en,0.452381,1.055142,0.191576,-0.048149,0.516667,0.94653,1.0,1.0,multilingual_topic,pending_human_review
BERTopic-METADATA-MULTILINGUAL,metadata,31,"{'es': 28, 'en': 10, 'pt': 1}",es,0.717949,0.680803,0.191576,0.356094,0.271795,0.930102,1.0,1.0,multilingual_topic,pending_human_review
BERTopic-METADATA-MULTILINGUAL,metadata,32,"{'en': 37, 'es': 1}",en,0.973684,0.121692,0.191576,0.473154,0.052632,0.771663,1.0,1.0,language_concentrated_but_thematic,pending_human_review
BERTopic-METADATA-MULTILINGUAL,metadata,33,"{'en': 21, 'pt': 14}",en,0.6,0.673012,0.191576,0.09947,0.522857,0.980828,1.0,1.0,multilingual_topic,pending_human_review
