parent_topic_id,subtopic_id,relationship,decision_status
0,0.0,subcluster,provisional_computational
0,0.1,subcluster,provisional_computational
0,0.2,subcluster,provisional_computational
0,0.3,subcluster,provisional_computational
1,1.0,subcluster,provisional_computational
1,1.1,subcluster,provisional_computational
1,1.2,subcluster,provisional_computational
2,2.0,subcluster,provisional_computational
2,2.1,subcluster,provisional_computational
3,3.0,subcluster,provisional_computational
3,3.1,subcluster,provisional_computational
3,3.2,subcluster,provisional_computational
4,4.0,subcluster,provisional_computational
4,4.1,subcluster,provisional_computational
5,5.0,subcluster,provisional_computational
5,5.1,subcluster,provisional_computational
6,6.0,subcluster,provisional_computational
6,6.1,subcluster,provisional_computational
7,7.0,subcluster,provisional_computational
7,7.1,subcluster,provisional_computational
8,8.0,subcluster,provisional_computational
8,8.1,subcluster,provisional_computational
8,8.2,subcluster,provisional_computational
9,9.0,subcluster,provisional_computational
9,9.1,subcluster,provisional_computational
9,9.2,subcluster,provisional_computational
10,10.0,subcluster,provisional_computational
10,10.1,subcluster,provisional_computational
11,11.0,subcluster,provisional_computational
11,11.1,subcluster,provisional_computational
12,12.0,subcluster,provisional_computational
12,12.1,subcluster,provisional_computational
13,13.0,subcluster,provisional_computational
13,13.1,subcluster,provisional_computational
14,14.0,subcluster,provisional_computational
14,14.1,subcluster,provisional_computational
14,14.2,subcluster,provisional_computational
15,15.0,subcluster,provisional_computational
15,15.1,subcluster,provisional_computational
16,16.0,subcluster,provisional_computational
16,16.1,subcluster,provisional_computational
17,17.0,subcluster,provisional_computational
17,17.1,subcluster,provisional_computational
18,18.0,subcluster,provisional_computational
18,18.1,subcluster,provisional_computational
19,19.0,subcluster,provisional_computational
19,19.1,subcluster,provisional_computational
20,20.0,subcluster,provisional_computational
20,20.1,subcluster,provisional_computational
21,21.0,subcluster,provisional_computational
21,21.1,subcluster,provisional_computational
22,22.0,subcluster,provisional_computational
22,22.1,subcluster,provisional_computational
23,23.0,subcluster,provisional_computational
23,23.1,subcluster,provisional_computational
24,24.0,subcluster,provisional_computational
24,24.1,subcluster,provisional_computational
