topic_a,topic_b,ctfidf_similarity,merge_candidate,review_status
-1,0,0.617203,False,pending_human_review
-1,1,0.593966,False,pending_human_review
-1,2,0.482701,False,pending_human_review
-1,3,0.484119,False,pending_human_review
-1,4,0.582942,False,pending_human_review
-1,5,0.473473,False,pending_human_review
-1,6,0.459399,False,pending_human_review
-1,7,0.484865,False,pending_human_review
-1,8,0.473322,False,pending_human_review
-1,9,0.486466,False,pending_human_review
-1,10,0.529336,False,pending_human_review
-1,11,0.435102,False,pending_human_review
-1,12,0.43828,False,pending_human_review
-1,13,0.428176,False,pending_human_review
-1,14,0.44822,False,pending_human_review
-1,15,0.488164,False,pending_human_review
-1,16,0.451355,False,pending_human_review
-1,17,0.473786,False,pending_human_review
-1,18,0.464667,False,pending_human_review
-1,19,0.445533,False,pending_human_review
-1,20,0.410684,False,pending_human_review
-1,21,0.43388,False,pending_human_review
-1,22,0.435803,False,pending_human_review
-1,23,0.432563,False,pending_human_review
-1,24,0.400433,False,pending_human_review
-1,25,0.399841,False,pending_human_review
-1,26,0.305094,False,pending_human_review
-1,27,0.237539,False,pending_human_review
-1,28,0.297954,False,pending_human_review
-1,29,0.322064,False,pending_human_review
-1,30,0.372301,False,pending_human_review
-1,31,0.344305,False,pending_human_review
-1,32,0.300041,False,pending_human_review
-1,33,0.172518,False,pending_human_review
0,1,0.483471,False,pending_human_review
0,2,0.3856,False,pending_human_review
0,3,0.300836,False,pending_human_review
0,4,0.44783,False,pending_human_review
0,5,0.277233,False,pending_human_review
0,6,0.291813,False,pending_human_review
0,7,0.374574,False,pending_human_review
0,8,0.361826,False,pending_human_review
0,9,0.375563,False,pending_human_review
0,10,0.361748,False,pending_human_review
0,11,0.331761,False,pending_human_review
0,12,0.288957,False,pending_human_review
0,13,0.466362,False,pending_human_review
0,14,0.31156,False,pending_human_review
0,15,0.350772,False,pending_human_review
0,16,0.416076,False,pending_human_review
0,17,0.337226,False,pending_human_review
0,18,0.348473,False,pending_human_review
0,19,0.37558,False,pending_human_review
0,20,0.302125,False,pending_human_review
0,21,0.362712,False,pending_human_review
0,22,0.314493,False,pending_human_review
0,23,0.355728,False,pending_human_review
0,24,0.293565,False,pending_human_review
0,25,0.284967,False,pending_human_review
0,26,0.234462,False,pending_human_review
0,27,0.192801,False,pending_human_review
0,28,0.298134,False,pending_human_review
0,29,0.251451,False,pending_human_review
0,30,0.296159,False,pending_human_review
0,31,0.258537,False,pending_human_review
0,32,0.26168,False,pending_human_review
0,33,0.146904,False,pending_human_review
1,2,0.380984,False,pending_human_review
1,3,0.253707,False,pending_human_review
1,4,0.422608,False,pending_human_review
1,5,0.241765,False,pending_human_review
1,6,0.301091,False,pending_human_review
1,7,0.3795,False,pending_human_review
1,8,0.338355,False,pending_human_review
1,9,0.381867,False,pending_human_review
1,10,0.370749,False,pending_human_review
1,11,0.351031,False,pending_human_review
1,12,0.304785,False,pending_human_review
1,13,0.333583,False,pending_human_review
1,14,0.317059,False,pending_human_review
1,15,0.317363,False,pending_human_review
1,16,0.358196,False,pending_human_review
1,17,0.334817,False,pending_human_review
1,18,0.317886,False,pending_human_review
1,19,0.310649,False,pending_human_review
1,20,0.310921,False,pending_human_review
1,21,0.332716,False,pending_human_review
1,22,0.310398,False,pending_human_review
1,23,0.294966,False,pending_human_review
1,24,0.306484,False,pending_human_review
1,25,0.306199,False,pending_human_review
1,26,0.25201,False,pending_human_review
1,27,0.199754,False,pending_human_review
1,28,0.245242,False,pending_human_review
1,29,0.254283,False,pending_human_review
1,30,0.289259,False,pending_human_review
1,31,0.226219,False,pending_human_review
1,32,0.234256,False,pending_human_review
1,33,0.141513,False,pending_human_review
2,3,0.124449,False,pending_human_review
2,4,0.282532,False,pending_human_review
2,5,0.139227,False,pending_human_review
2,6,0.153948,False,pending_human_review
2,7,0.444386,False,pending_human_review
2,8,0.383025,False,pending_human_review
2,9,0.410605,False,pending_human_review
2,10,0.180026,False,pending_human_review
2,11,0.427761,False,pending_human_review
2,12,0.151434,False,pending_human_review
2,13,0.355341,False,pending_human_review
2,14,0.137281,False,pending_human_review
2,15,0.250273,False,pending_human_review
2,16,0.335636,False,pending_human_review
2,17,0.266035,False,pending_human_review
2,18,0.172845,False,pending_human_review
2,19,0.210462,False,pending_human_review
2,20,0.285603,False,pending_human_review
2,21,0.279229,False,pending_human_review
2,22,0.187968,False,pending_human_review
2,23,0.245502,False,pending_human_review
2,24,0.213111,False,pending_human_review
2,25,0.221938,False,pending_human_review
2,26,0.34007,False,pending_human_review
2,27,0.156824,False,pending_human_review
2,28,0.267593,False,pending_human_review
2,29,0.241647,False,pending_human_review
2,30,0.206029,False,pending_human_review
2,31,0.135015,False,pending_human_review
2,32,0.367597,False,pending_human_review
2,33,0.126776,False,pending_human_review
3,4,0.325832,False,pending_human_review
3,5,0.65803,False,pending_human_review
3,6,0.144166,False,pending_human_review
3,7,0.087476,False,pending_human_review
3,8,0.133373,False,pending_human_review
3,9,0.154219,False,pending_human_review
3,10,0.248253,False,pending_human_review
3,11,0.116995,False,pending_human_review
3,12,0.158857,False,pending_human_review
3,13,0.211084,False,pending_human_review
3,14,0.376351,False,pending_human_review
3,15,0.381108,False,pending_human_review
3,16,0.148663,False,pending_human_review
3,17,0.333379,False,pending_human_review
3,18,0.329079,False,pending_human_review
3,19,0.334155,False,pending_human_review
3,20,0.264477,False,pending_human_review
3,21,0.249834,False,pending_human_review
3,22,0.313896,False,pending_human_review
3,23,0.328393,False,pending_human_review
3,24,0.276609,False,pending_human_review
3,25,0.143282,False,pending_human_review
3,26,0.057293,False,pending_human_review
3,27,0.068892,False,pending_human_review
3,28,0.061013,False,pending_human_review
3,29,0.157514,False,pending_human_review
3,30,0.149701,False,pending_human_review
3,31,0.370335,False,pending_human_review
3,32,0.053036,False,pending_human_review
3,33,0.05637,False,pending_human_review
4,5,0.292711,False,pending_human_review
4,6,0.380519,False,pending_human_review
4,7,0.249642,False,pending_human_review
4,8,0.238929,False,pending_human_review
4,9,0.340515,False,pending_human_review
4,10,0.440706,False,pending_human_review
4,11,0.260306,False,pending_human_review
4,12,0.34919,False,pending_human_review
4,13,0.306019,False,pending_human_review
4,14,0.389446,False,pending_human_review
4,15,0.367039,False,pending_human_review
4,16,0.292423,False,pending_human_review
4,17,0.361834,False,pending_human_review
4,18,0.39632,False,pending_human_review
4,19,0.374598,False,pending_human_review
4,20,0.27191,False,pending_human_review
4,21,0.338246,False,pending_human_review
4,22,0.333729,False,pending_human_review
4,23,0.332763,False,pending_human_review
4,24,0.383933,False,pending_human_review
4,25,0.309325,False,pending_human_review
4,26,0.21635,False,pending_human_review
4,27,0.179614,False,pending_human_review
4,28,0.17874,False,pending_human_review
4,29,0.247681,False,pending_human_review
4,30,0.319588,False,pending_human_review
4,31,0.256988,False,pending_human_review
4,32,0.172732,False,pending_human_review
4,33,0.107545,False,pending_human_review
5,6,0.134065,False,pending_human_review
5,7,0.103459,False,pending_human_review
5,8,0.163746,False,pending_human_review
5,9,0.15507,False,pending_human_review
5,10,0.219356,False,pending_human_review
5,11,0.141223,False,pending_human_review
5,12,0.140592,False,pending_human_review
5,13,0.185763,False,pending_human_review
5,14,0.333568,False,pending_human_review
5,15,0.391801,False,pending_human_review
5,16,0.136917,False,pending_human_review
5,17,0.343598,False,pending_human_review
5,18,0.304181,False,pending_human_review
5,19,0.298972,False,pending_human_review
5,20,0.277805,False,pending_human_review
5,21,0.221219,False,pending_human_review
5,22,0.281152,False,pending_human_review
5,23,0.275695,False,pending_human_review
5,24,0.240334,False,pending_human_review
5,25,0.145324,False,pending_human_review
5,26,0.05632,False,pending_human_review
5,27,0.068431,False,pending_human_review
5,28,0.050864,False,pending_human_review
5,29,0.15834,False,pending_human_review
5,30,0.131936,False,pending_human_review
5,31,0.359563,False,pending_human_review
5,32,0.057205,False,pending_human_review
5,33,0.055926,False,pending_human_review
6,7,0.140463,False,pending_human_review
6,8,0.115112,False,pending_human_review
6,9,0.227103,False,pending_human_review
6,10,0.518448,False,pending_human_review
6,11,0.154633,False,pending_human_review
6,12,0.599418,False,pending_human_review
6,13,0.159613,False,pending_human_review
6,14,0.2183,False,pending_human_review
6,15,0.185748,False,pending_human_review
6,16,0.204779,False,pending_human_review
6,17,0.192458,False,pending_human_review
6,18,0.301224,False,pending_human_review
6,19,0.226643,False,pending_human_review
6,20,0.128149,False,pending_human_review
6,21,0.22953,False,pending_human_review
6,22,0.301064,False,pending_human_review
6,23,0.189179,False,pending_human_review
6,24,0.203477,False,pending_human_review
6,25,0.373289,False,pending_human_review
6,26,0.171596,False,pending_human_review
6,27,0.205323,False,pending_human_review
6,28,0.095904,False,pending_human_review
6,29,0.168438,False,pending_human_review
6,30,0.354737,False,pending_human_review
6,31,0.143025,False,pending_human_review
6,32,0.090921,False,pending_human_review
6,33,0.118914,False,pending_human_review
7,8,0.480403,False,pending_human_review
7,9,0.408787,False,pending_human_review
7,10,0.153481,False,pending_human_review
7,11,0.4322,False,pending_human_review
7,12,0.147944,False,pending_human_review
7,13,0.298746,False,pending_human_review
7,14,0.074635,False,pending_human_review
7,15,0.176447,False,pending_human_review
7,16,0.391742,False,pending_human_review
7,17,0.229208,False,pending_human_review
7,18,0.120674,False,pending_human_review
7,19,0.153471,False,pending_human_review
7,20,0.293076,False,pending_human_review
7,21,0.235496,False,pending_human_review
7,22,0.17944,False,pending_human_review
7,23,0.189426,False,pending_human_review
7,24,0.159484,False,pending_human_review
7,25,0.235978,False,pending_human_review
7,26,0.296734,False,pending_human_review
7,27,0.187111,False,pending_human_review
7,28,0.301244,False,pending_human_review
7,29,0.218914,False,pending_human_review
7,30,0.198011,False,pending_human_review
7,31,0.108361,False,pending_human_review
7,32,0.315379,False,pending_human_review
7,33,0.148692,False,pending_human_review
8,9,0.323513,False,pending_human_review
8,10,0.158594,False,pending_human_review
8,11,0.388933,False,pending_human_review
8,12,0.115981,False,pending_human_review
8,13,0.292305,False,pending_human_review
8,14,0.082323,False,pending_human_review
8,15,0.174681,False,pending_human_review
8,16,0.395636,False,pending_human_review
8,17,0.215521,False,pending_human_review
8,18,0.118776,False,pending_human_review
8,19,0.156745,False,pending_human_review
8,20,0.30805,False,pending_human_review
8,21,0.2241,False,pending_human_review
8,22,0.187519,False,pending_human_review
8,23,0.184793,False,pending_human_review
8,24,0.15106,False,pending_human_review
8,25,0.170232,False,pending_human_review
8,26,0.221351,False,pending_human_review
8,27,0.161766,False,pending_human_review
8,28,0.272036,False,pending_human_review
8,29,0.213606,False,pending_human_review
8,30,0.195302,False,pending_human_review
8,31,0.134835,False,pending_human_review
8,32,0.294426,False,pending_human_review
8,33,0.149281,False,pending_human_review
9,10,0.26135,False,pending_human_review
9,11,0.351222,False,pending_human_review
9,12,0.224231,False,pending_human_review
9,13,0.301283,False,pending_human_review
9,14,0.196865,False,pending_human_review
9,15,0.24267,False,pending_human_review
9,16,0.298917,False,pending_human_review
9,17,0.301536,False,pending_human_review
9,18,0.222968,False,pending_human_review
9,19,0.221682,False,pending_human_review
9,20,0.283182,False,pending_human_review
9,21,0.285109,False,pending_human_review
9,22,0.227364,False,pending_human_review
9,23,0.230794,False,pending_human_review
9,24,0.255585,False,pending_human_review
9,25,0.260156,False,pending_human_review
9,26,0.368781,False,pending_human_review
9,27,0.164252,False,pending_human_review
9,28,0.232678,False,pending_human_review
9,29,0.241868,False,pending_human_review
9,30,0.237924,False,pending_human_review
9,31,0.155365,False,pending_human_review
9,32,0.285583,False,pending_human_review
9,33,0.104957,False,pending_human_review
10,11,0.180961,False,pending_human_review
10,12,0.43929,False,pending_human_review
10,13,0.224539,False,pending_human_review
10,14,0.336254,False,pending_human_review
10,15,0.282627,False,pending_human_review
10,16,0.235356,False,pending_human_review
10,17,0.274822,False,pending_human_review
10,18,0.377132,False,pending_human_review
10,19,0.30946,False,pending_human_review
10,20,0.213404,False,pending_human_review
10,21,0.292834,False,pending_human_review
10,22,0.401165,False,pending_human_review
10,23,0.270995,False,pending_human_review
10,24,0.278393,False,pending_human_review
10,25,0.329912,False,pending_human_review
10,26,0.160301,False,pending_human_review
10,27,0.199246,False,pending_human_review
10,28,0.123902,False,pending_human_review
10,29,0.207688,False,pending_human_review
10,30,0.317733,False,pending_human_review
10,31,0.2124,False,pending_human_review
10,32,0.104796,False,pending_human_review
10,33,0.125412,False,pending_human_review
11,12,0.145212,False,pending_human_review
11,13,0.284418,False,pending_human_review
11,14,0.122757,False,pending_human_review
11,15,0.219664,False,pending_human_review
11,16,0.309221,False,pending_human_review
11,17,0.244476,False,pending_human_review
11,18,0.142275,False,pending_human_review
11,19,0.19041,False,pending_human_review
11,20,0.285277,False,pending_human_review
11,21,0.2392,False,pending_human_review
11,22,0.18596,False,pending_human_review
11,23,0.200954,False,pending_human_review
11,24,0.194688,False,pending_human_review
11,25,0.21392,False,pending_human_review
11,26,0.286612,False,pending_human_review
11,27,0.167005,False,pending_human_review
11,28,0.229647,False,pending_human_review
11,29,0.218584,False,pending_human_review
11,30,0.202811,False,pending_human_review
11,31,0.139637,False,pending_human_review
11,32,0.269797,False,pending_human_review
11,33,0.147094,False,pending_human_review
12,13,0.159938,False,pending_human_review
12,14,0.225597,False,pending_human_review
12,15,0.182122,False,pending_human_review
12,16,0.19847,False,pending_human_review
12,17,0.207046,False,pending_human_review
12,18,0.29421,False,pending_human_review
12,19,0.216023,False,pending_human_review
12,20,0.125542,False,pending_human_review
12,21,0.218084,False,pending_human_review
12,22,0.237116,False,pending_human_review
12,23,0.193685,False,pending_human_review
12,24,0.197024,False,pending_human_review
12,25,0.385174,False,pending_human_review
12,26,0.171538,False,pending_human_review
12,27,0.184986,False,pending_human_review
12,28,0.093407,False,pending_human_review
12,29,0.156253,False,pending_human_review
12,30,0.295324,False,pending_human_review
12,31,0.137801,False,pending_human_review
12,32,0.09128,False,pending_human_review
12,33,0.117243,False,pending_human_review
13,14,0.220469,False,pending_human_review
13,15,0.264369,False,pending_human_review
13,16,0.294059,False,pending_human_review
13,17,0.266049,False,pending_human_review
13,18,0.234174,False,pending_human_review
13,19,0.270661,False,pending_human_review
13,20,0.272108,False,pending_human_review
13,21,0.282825,False,pending_human_review
13,22,0.208199,False,pending_human_review
13,23,0.284093,False,pending_human_review
13,24,0.228471,False,pending_human_review
13,25,0.194776,False,pending_human_review
13,26,0.209198,False,pending_human_review
13,27,0.133483,False,pending_human_review
13,28,0.221685,False,pending_human_review
13,29,0.228149,False,pending_human_review
13,30,0.204353,False,pending_human_review
13,31,0.178464,False,pending_human_review
13,32,0.242201,False,pending_human_review
13,33,0.113659,False,pending_human_review
14,15,0.392968,False,pending_human_review
14,16,0.138566,False,pending_human_review
14,17,0.361222,False,pending_human_review
14,18,0.407706,False,pending_human_review
14,19,0.375996,False,pending_human_review
14,20,0.208511,False,pending_human_review
14,21,0.280329,False,pending_human_review
14,22,0.287328,False,pending_human_review
14,23,0.348336,False,pending_human_review
14,24,0.362152,False,pending_human_review
14,25,0.202561,False,pending_human_review
14,26,0.074064,False,pending_human_review
14,27,0.075484,False,pending_human_review
14,28,0.063481,False,pending_human_review
14,29,0.183298,False,pending_human_review
14,30,0.200623,False,pending_human_review
14,31,0.276367,False,pending_human_review
14,32,0.053151,False,pending_human_review
14,33,0.043932,False,pending_human_review
15,16,0.184794,False,pending_human_review
15,17,0.391537,False,pending_human_review
15,18,0.377895,False,pending_human_review
15,19,0.402075,False,pending_human_review
15,20,0.281263,False,pending_human_review
15,21,0.278273,False,pending_human_review
15,22,0.251284,False,pending_human_review
15,23,0.372531,False,pending_human_review
15,24,0.311871,False,pending_human_review
15,25,0.230493,False,pending_human_review
15,26,0.118151,False,pending_human_review
15,27,0.093237,False,pending_human_review
15,28,0.10669,False,pending_human_review
15,29,0.217752,False,pending_human_review
15,30,0.197857,False,pending_human_review
15,31,0.305014,False,pending_human_review
15,32,0.127135,False,pending_human_review
15,33,0.076754,False,pending_human_review
16,17,0.206861,False,pending_human_review
16,18,0.180164,False,pending_human_review
16,19,0.208719,False,pending_human_review
16,20,0.238827,False,pending_human_review
16,21,0.276277,False,pending_human_review
16,22,0.243609,False,pending_human_review
16,23,0.255519,False,pending_human_review
16,24,0.180682,False,pending_human_review
16,25,0.209133,False,pending_human_review
16,26,0.193605,False,pending_human_review
16,27,0.220572,False,pending_human_review
16,28,0.368138,False,pending_human_review
16,29,0.194769,False,pending_human_review
16,30,0.255273,False,pending_human_review
16,31,0.142666,False,pending_human_review
16,32,0.246938,False,pending_human_review
16,33,0.174308,False,pending_human_review
17,18,0.319371,False,pending_human_review
17,19,0.334879,False,pending_human_review
17,20,0.2716,False,pending_human_review
17,21,0.262662,False,pending_human_review
17,22,0.240216,False,pending_human_review
17,23,0.313248,False,pending_human_review
17,24,0.311084,False,pending_human_review
17,25,0.22151,False,pending_human_review
17,26,0.174107,False,pending_human_review
17,27,0.11,False,pending_human_review
17,28,0.123142,False,pending_human_review
17,29,0.205163,False,pending_human_review
17,30,0.199217,False,pending_human_review
17,31,0.258892,False,pending_human_review
17,32,0.144919,False,pending_human_review
17,33,0.08372,False,pending_human_review
18,19,0.379072,False,pending_human_review
18,20,0.202915,False,pending_human_review
18,21,0.277376,False,pending_human_review
18,22,0.280706,False,pending_human_review
18,23,0.332833,False,pending_human_review
18,24,0.285955,False,pending_human_review
18,25,0.268382,False,pending_human_review
18,26,0.117246,False,pending_human_review
18,27,0.131085,False,pending_human_review
18,28,0.090008,False,pending_human_review
18,29,0.201556,False,pending_human_review
18,30,0.2279,False,pending_human_review
18,31,0.267007,False,pending_human_review
18,32,0.081242,False,pending_human_review
18,33,0.068503,False,pending_human_review
19,20,0.223099,False,pending_human_review
19,21,0.291211,False,pending_human_review
19,22,0.256546,False,pending_human_review
19,23,0.363567,False,pending_human_review
19,24,0.296708,False,pending_human_review
19,25,0.218744,False,pending_human_review
19,26,0.110068,False,pending_human_review
19,27,0.114468,False,pending_human_review
19,28,0.110064,False,pending_human_review
19,29,0.197509,False,pending_human_review
19,30,0.211682,False,pending_human_review
19,31,0.274601,False,pending_human_review
19,32,0.113195,False,pending_human_review
19,33,0.088872,False,pending_human_review
20,21,0.23046,False,pending_human_review
20,22,0.213984,False,pending_human_review
20,23,0.222579,False,pending_human_review
20,24,0.21887,False,pending_human_review
20,25,0.184294,False,pending_human_review
20,26,0.180326,False,pending_human_review
20,27,0.112347,False,pending_human_review
20,28,0.144097,False,pending_human_review
20,29,0.211447,False,pending_human_review
20,30,0.178783,False,pending_human_review
20,31,0.220565,False,pending_human_review
20,32,0.181682,False,pending_human_review
20,33,0.097517,False,pending_human_review
21,22,0.258918,False,pending_human_review
21,23,0.280013,False,pending_human_review
21,24,0.26053,False,pending_human_review
21,25,0.221585,False,pending_human_review
21,26,0.181217,False,pending_human_review
21,27,0.148375,False,pending_human_review
21,28,0.201088,False,pending_human_review
21,29,0.213745,False,pending_human_review
21,30,0.240807,False,pending_human_review
21,31,0.208131,False,pending_human_review
21,32,0.176229,False,pending_human_review
21,33,0.111061,False,pending_human_review
22,23,0.253301,False,pending_human_review
22,24,0.2497,False,pending_human_review
22,25,0.201913,False,pending_human_review
22,26,0.12597,False,pending_human_review
22,27,0.158704,False,pending_human_review
22,28,0.154444,False,pending_human_review
22,29,0.173282,False,pending_human_review
22,30,0.263841,False,pending_human_review
22,31,0.239882,False,pending_human_review
22,32,0.109717,False,pending_human_review
22,33,0.096614,False,pending_human_review
23,24,0.270115,False,pending_human_review
23,25,0.202879,False,pending_human_review
23,26,0.119646,False,pending_human_review
23,27,0.119761,False,pending_human_review
23,28,0.1654,False,pending_human_review
23,29,0.190123,False,pending_human_review
23,30,0.208127,False,pending_human_review
23,31,0.254801,False,pending_human_review
23,32,0.158696,False,pending_human_review
23,33,0.096674,False,pending_human_review
24,25,0.20115,False,pending_human_review
24,26,0.15118,False,pending_human_review
24,27,0.104136,False,pending_human_review
24,28,0.11188,False,pending_human_review
24,29,0.196831,False,pending_human_review
24,30,0.196591,False,pending_human_review
24,31,0.223039,False,pending_human_review
24,32,0.121213,False,pending_human_review
24,33,0.075842,False,pending_human_review
25,26,0.192604,False,pending_human_review
25,27,0.167488,False,pending_human_review
25,28,0.117712,False,pending_human_review
25,29,0.191786,False,pending_human_review
25,30,0.242962,False,pending_human_review
25,31,0.140251,False,pending_human_review
25,32,0.144283,False,pending_human_review
25,33,0.108336,False,pending_human_review
26,27,0.126099,False,pending_human_review
26,28,0.163625,False,pending_human_review
26,29,0.161385,False,pending_human_review
26,30,0.163666,False,pending_human_review
26,31,0.064269,False,pending_human_review
26,32,0.214138,False,pending_human_review
26,33,0.072563,False,pending_human_review
27,28,0.152968,False,pending_human_review
27,29,0.117305,False,pending_human_review
27,30,0.166573,False,pending_human_review
27,31,0.080434,False,pending_human_review
27,32,0.113605,False,pending_human_review
27,33,0.168845,False,pending_human_review
28,29,0.140202,False,pending_human_review
28,30,0.16546,False,pending_human_review
28,31,0.077978,False,pending_human_review
28,32,0.292004,False,pending_human_review
28,33,0.113503,False,pending_human_review
29,30,0.174558,False,pending_human_review
29,31,0.16628,False,pending_human_review
29,32,0.18032,False,pending_human_review
29,33,0.075348,False,pending_human_review
30,31,0.146334,False,pending_human_review
30,32,0.138661,False,pending_human_review
30,33,0.112906,False,pending_human_review
31,32,0.072279,False,pending_human_review
31,33,0.069817,False,pending_human_review
32,33,0.091326,False,pending_human_review
