phase,n_neighbors,n_components,min_dist,min_cluster_size,min_samples,cluster_selection_method,clusters,outlier_share,clustered_documents,minimum_cluster_size_observed,median_cluster_size,maximum_cluster_size,maximum_cluster_share,clusters_at_minimum_size_share,silhouette,dbcv,topic_diversity,language_cluster_nmi,language_concentrated_topics,contaminated_topic_candidates,recovery_share,mean_language_entropy,elapsed_seconds,seed,rejection_reasons,multi_criteria_score,rank,solution_status,human_review_status,stability_status,solution_id,stability_ari_mean,stability_nmi_mean,centroid_stability_mean,top_word_jaccard_mean,topic_count_variation,outlier_variation
macro_hdbscan_screen,30,5,0.0,35,10,eom,34,0.426358,4331,35,96.0,349,0.080582,0.058824,0.619823,0.255778,0.992157,0.191576,11,1,0.573642,0.638199,7.115,42,,0.436992,1,preferred_provisional,pending,computed_five_runs,S1,0.818993,0.877755,0.998404,0.722962,0.632456,0.013824
macro_hdbscan_screen,15,5,0.0,50,10,eom,28,0.393907,4576,50,120.0,706,0.154283,0.035714,0.539616,0.243712,0.997619,0.174778,9,1,0.606093,0.658372,7.252,42,,0.436913,2,competitive,pending,computed_five_runs,S2,0.754841,0.852184,0.992306,0.694555,1.16619,0.024133
macro_hdbscan_screen,30,5,0.0,50,5,eom,27,0.41947,4383,51,152.0,350,0.079854,0.037037,0.578237,0.186365,0.995062,0.178724,7,1,0.58053,0.672492,7.166,42,,0.434433,3,competitive,pending,computed_five_runs,S3,0.75379,0.839391,0.994723,0.655191,1.019804,0.01007
macro_hdbscan_screen,30,10,0.0,50,5,eom,30,0.444503,4194,50,103.0,352,0.083929,0.1,0.6054,0.212207,0.988889,0.199358,11,1,0.555497,0.62154,7.382,42,,0.428485,4,competitive,pending,computed_five_runs,S4,0.674404,0.785513,0.99757,0.667838,7.536577,0.162865
macro_hdbscan_screen,15,5,0.0,50,5,eom,26,0.284636,5401,52,151.0,986,0.182559,0.038462,0.479727,0.122704,0.994872,0.165346,9,0,0.715364,0.650979,7.458,42,,0.423398,5,rejected,pending,pending,,,,,,,
macro_hdbscan_screen,30,5,0.0,50,10,eom,26,0.457086,4099,53,130.0,349,0.085143,0.038462,0.606998,0.219709,0.994872,0.196888,8,1,0.542914,0.659486,7.082,42,outlier_share,0.442299,6,rejected,pending,pending,,,,,,,
macro_hdbscan_screen,30,10,0.0,50,10,eom,26,0.486225,3879,50,131.0,352,0.090745,0.038462,0.617592,0.222879,0.992308,0.19619,9,1,0.513775,0.629133,7.288,42,outlier_share,0.440251,7,rejected,pending,pending,,,,,,,
macro_hdbscan_screen,15,5,0.0,35,10,eom,36,0.369801,4758,35,84.5,610,0.128205,0.083333,0.564988,0.287558,0.994444,0.170287,10,1,0.630199,0.656613,7.218,42,too_many_topics,0.433809,8,rejected,pending,pending,,,,,,,
macro_hdbscan_screen,30,10,0.0,35,10,eom,35,0.454702,4117,37,88.0,352,0.085499,0.085714,0.617696,0.235808,0.992381,0.187294,12,1,0.545298,0.620353,7.402,42,outlier_share,0.42432,9,rejected,pending,pending,,,,,,,
macro_umap_screen,30,10,0.0,35,5,eom,36,0.423709,4351,35,81.0,352,0.080901,0.083333,0.598639,0.235134,0.987037,0.191645,13,1,0.576291,0.604383,21.404,42,too_many_topics,0.42077,10,rejected,pending,pending,,,,,,,
macro_umap_screen,30,5,0.0,35,5,eom,36,0.402914,4508,38,76.0,350,0.07764,0.027778,0.584866,0.177756,0.97963,0.179006,11,1,0.597086,0.641708,21.057,42,too_many_topics,0.413185,11,rejected,pending,pending,,,,,,,
macro_umap_screen,15,5,0.0,35,5,eom,40,0.328609,5069,35,77.0,551,0.1087,0.075,0.529632,0.22328,0.991667,0.169306,12,1,0.671391,0.669512,18.612,42,too_many_topics,0.409824,12,rejected,pending,pending,,,,,,,
macro_umap_screen,15,10,0.0,35,5,eom,41,0.370728,4751,35,76.0,367,0.077247,0.146341,0.550782,0.273745,0.980488,0.178517,15,1,0.629272,0.616764,18.036,42,too_many_topics,0.408471,13,rejected,pending,pending,,,,,,,
macro_umap_screen,30,10,0.1,35,5,eom,33,0.498278,3788,35,77.0,345,0.091077,0.090909,0.586232,0.217013,0.987879,0.193723,11,0,0.501722,0.606513,21.865,42,outlier_share,0.40766,14,rejected,pending,pending,,,,,,,
macro_umap_screen,10,10,0.0,35,5,eom,43,0.372715,4736,35,77.0,370,0.078125,0.209302,0.572875,0.238752,0.982946,0.164562,15,1,0.627285,0.638434,16.091,42,too_many_topics,0.401642,15,rejected,pending,pending,,,,,,,
macro_umap_screen,10,5,0.0,35,5,eom,45,0.350464,4904,36,78.0,369,0.075245,0.111111,0.568411,0.225561,0.983704,0.169574,15,0,0.649536,0.627164,37.108,42,too_many_topics,0.401552,16,rejected,pending,pending,,,,,,,
macro_umap_screen,30,5,0.1,35,5,eom,32,0.460132,4076,35,94.5,342,0.083906,0.09375,0.559658,0.163107,0.991667,0.185352,10,1,0.539868,0.629162,20.954,42,outlier_share,0.401184,17,rejected,pending,pending,,,,,,,
macro_umap_screen,15,10,0.1,35,5,eom,36,0.460662,4072,35,76.0,367,0.090128,0.166667,0.561741,0.22245,0.977778,0.183141,12,0,0.539338,0.620942,17.711,42,outlier_share | too_many_topics,0.396706,18,rejected,pending,pending,,,,,,,
macro_hdbscan_screen,30,5,0.0,25,5,eom,46,0.392053,4590,27,58.0,350,0.076253,0.043478,0.572832,0.221543,0.973913,0.180001,17,1,0.607947,0.582175,7.337,42,too_many_topics,0.392853,19,rejected,pending,pending,,,,,,,
macro_umap_screen,15,5,0.1,35,5,eom,39,0.43457,4269,35,75.0,368,0.086203,0.153846,0.567844,0.173852,0.994872,0.178514,12,1,0.56543,0.652083,17.434,42,too_many_topics,0.390703,20,rejected,pending,pending,,,,,,,
macro_hdbscan_screen,30,10,0.0,25,5,eom,48,0.411788,4441,26,63.5,352,0.079261,0.0625,0.569933,0.250882,0.979167,0.187236,22,1,0.588212,0.520505,7.47,42,too_many_topics,0.387936,21,rejected,pending,pending,,,,,,,
macro_umap_screen,10,5,0.1,35,5,eom,40,0.413245,4430,35,74.0,371,0.083747,0.1,0.521232,0.166244,0.988333,0.162986,14,0,0.586755,0.629827,15.601,42,too_many_topics,0.380819,22,rejected,pending,pending,,,,,,,
macro_hdbscan_screen,15,5,0.0,25,5,eom,50,0.322252,5117,26,60.5,551,0.10768,0.08,0.509201,0.232928,0.976,0.168193,20,1,0.677748,0.583222,7.334,42,too_many_topics,0.379339,23,rejected,pending,pending,,,,,,,
macro_umap_screen,10,10,0.1,35,5,eom,40,0.462252,4060,35,73.5,332,0.081773,0.075,0.57234,0.122265,0.985,0.168592,15,0,0.537748,0.61218,15.788,42,outlier_share | too_many_topics,0.378548,24,rejected,pending,pending,,,,,,,
