phase,n_neighbors,n_components,min_dist,min_cluster_size,min_samples,cluster_selection_method,clusters,outlier_share,clustered_documents,minimum_cluster_size_observed,median_cluster_size,maximum_cluster_size,maximum_cluster_share,clusters_at_minimum_size_share,silhouette,dbcv,topic_diversity,language_cluster_nmi,language_concentrated_topics,contaminated_topic_candidates,recovery_share,mean_language_entropy,elapsed_seconds,seed,rejection_reasons,multi_criteria_score,rank,solution_status,human_review_status,stability_status
macro_hdbscan_screen,15,10,0.0,50,5,eom,31,0.388874,4504,56,120.0,367,0.081483,0.0,0.578889,0.229311,0.997849,0.184574,11,1,0.611126,0.645602,7.523,42,,0.439566,1,competitive,pending,pending
macro_hdbscan_screen,30,10,0.0,50,5,eom,28,0.427273,4221,50,130.0,355,0.084103,0.071429,0.598129,0.203485,0.983333,0.183926,10,1,0.572727,0.628028,7.23,42,,0.435064,2,competitive,pending,pending
macro_hdbscan_screen,15,10,0.0,50,10,eom,29,0.406242,4376,50,118.0,508,0.116088,0.034483,0.561466,0.205137,0.997701,0.180852,10,0,0.593758,0.644013,7.484,42,,0.430834,3,competitive,pending,pending
macro_umap_screen,30,5,0.0,35,5,eom,34,0.4346,4167,37,87.5,346,0.083033,0.058824,0.619802,0.223592,0.990196,0.182732,11,1,0.5654,0.64521,21.404,42,,0.43028,4,competitive,pending,pending
macro_umap_screen,30,5,0.1,35,5,eom,30,0.432157,4185,36,84.5,1056,0.25233,0.066667,0.495152,0.081936,0.993333,0.202082,8,1,0.567843,0.666753,21.585,42,,0.378495,5,rejected,pending,pending
macro_hdbscan_screen,30,5,0.0,50,10,eom,26,0.483582,3806,50,122.0,347,0.091172,0.038462,0.654545,0.235306,0.987179,0.180818,10,1,0.516418,0.613678,7.435,42,outlier_share,0.454027,6,rejected,pending,pending
macro_hdbscan_screen,30,10,0.0,50,10,eom,29,0.455767,4011,50,117.0,346,0.086263,0.068966,0.609578,0.231727,0.995402,0.188155,11,1,0.544233,0.61011,7.476,42,outlier_share,0.437355,7,rejected,pending,pending
macro_hdbscan_screen,30,5,0.0,35,10,eom,35,0.460787,3974,35,75.0,345,0.086814,0.085714,0.647803,0.249497,0.986667,0.178908,11,1,0.539213,0.64837,7.105,42,outlier_share,0.434043,8,rejected,pending,pending
macro_hdbscan_screen,15,10,0.0,35,10,eom,37,0.397965,4437,35,94.0,367,0.082714,0.054054,0.60757,0.231332,0.994595,0.183217,12,1,0.602035,0.654333,7.591,42,too_many_topics,0.428236,9,rejected,pending,pending
macro_umap_screen,15,10,0.0,35,5,eom,39,0.363501,4691,35,78.0,367,0.078235,0.102564,0.581498,0.253639,0.991453,0.17725,12,1,0.636499,0.659169,17.845,42,too_many_topics,0.423824,10,rejected,pending,pending
macro_umap_screen,30,10,0.0,35,5,eom,37,0.421981,4260,36,74.0,355,0.083333,0.027027,0.611486,0.224386,0.978378,0.184275,12,1,0.578019,0.637625,22.035,42,too_many_topics,0.422411,11,rejected,pending,pending
macro_umap_screen,10,5,0.0,35,5,eom,42,0.344369,4832,35,73.5,514,0.106374,0.095238,0.575552,0.26278,0.973016,0.1735,12,1,0.655631,0.661478,38.538,42,too_many_topics,0.417539,12,rejected,pending,pending
macro_hdbscan_screen,30,10,0.0,35,10,eom,36,0.450475,4050,35,83.5,346,0.085432,0.055556,0.609531,0.193205,0.983333,0.189056,12,1,0.549525,0.63964,7.328,42,outlier_share | too_many_topics,0.41251,13,rejected,pending,pending
macro_umap_screen,30,10,0.1,35,5,eom,33,0.482904,3811,35,82.0,335,0.087903,0.060606,0.579191,0.194972,0.989899,0.183347,11,1,0.517096,0.616949,22.065,42,outlier_share,0.407365,14,rejected,pending,pending
macro_umap_screen,10,10,0.0,35,5,eom,47,0.318589,5022,35,72.0,367,0.073078,0.148936,0.553132,0.288777,0.975887,0.165398,17,1,0.681411,0.616066,16.397,42,too_many_topics,0.406666,15,rejected,pending,pending
macro_umap_screen,10,10,0.1,35,5,eom,40,0.41791,4290,35,72.5,365,0.085082,0.075,0.558433,0.233864,0.986667,0.165533,12,0,0.58209,0.676005,16.09,42,too_many_topics,0.403296,16,rejected,pending,pending
macro_hdbscan_screen,30,10,0.0,25,5,eom,44,0.399186,4428,26,67.5,355,0.080172,0.113636,0.592629,0.241661,0.980303,0.181154,16,1,0.600814,0.599462,7.515,42,too_many_topics,0.403133,17,rejected,pending,pending
macro_umap_screen,15,10,0.1,35,5,eom,37,0.467843,3922,37,73.0,354,0.09026,0.054054,0.565865,0.182892,0.992793,0.182958,14,1,0.532157,0.629696,17.597,42,outlier_share | too_many_topics,0.394999,18,rejected,pending,pending
macro_umap_screen,15,5,0.0,35,5,eom,42,0.356174,4745,35,74.0,368,0.077555,0.214286,0.575466,0.185072,0.973016,0.179547,14,1,0.643826,0.633724,19.658,42,too_many_topics,0.394846,19,rejected,pending,pending
macro_hdbscan_screen,30,5,0.0,25,5,eom,48,0.418182,4288,25,67.0,346,0.08069,0.083333,0.587531,0.24774,0.980556,0.176154,19,1,0.581818,0.569729,7.186,42,too_many_topics,0.391436,20,rejected,pending,pending
macro_umap_screen,15,5,0.1,35,5,eom,38,0.454681,4019,35,72.5,361,0.089823,0.157895,0.56876,0.182783,0.982456,0.179878,13,1,0.545319,0.633131,17.457,42,outlier_share | too_many_topics,0.389122,21,rejected,pending,pending
macro_hdbscan_screen,15,10,0.0,25,5,eom,53,0.344505,4831,25,56.0,367,0.075968,0.075472,0.564051,0.250563,0.973585,0.174507,22,1,0.655495,0.57404,7.897,42,too_many_topics,0.385574,22,rejected,pending,pending
macro_umap_screen,10,5,0.1,35,5,eom,41,0.422931,4253,35,67.0,479,0.112626,0.170732,0.537825,0.189371,0.982114,0.180694,13,0,0.577069,0.652936,15.55,42,too_many_topics,0.379082,23,rejected,pending,pending
macro_hdbscan_screen,30,5,0.0,50,5,eom,15,0.142198,6322,50,96.0,4530,0.716545,0.133333,-0.026772,-0.208187,0.995556,0.03399,3,0,0.857802,0.762463,10.527,42,dominant_giant_cluster,0.258658,24,rejected,pending,pending
